0,1,2,3_u,3_y,4_gg,4_p,5_c,5_cc,5_d,5_e,5_ff,5_i,5_j,5_k,5_m,5_q,5_r,5_w,5_x,6_dd,6_ff,6_h,6_j,6_n,6_o,6_v,6_z,7,8,9,10,11,12_p,12_s,13,14,y
1,158.0,0.0,1,0,0,0,0,0,0,0,0,0,0,0,0,0,0,1,0,0,0,0,0,0,0,1,0,1.25,1,1,1.0,0,0,0,70.0,0.0,1
0,330.0,4.46,1,0,0,0,0,0,0,0,0,0,0,0,0,1,0,0,0,0,0,1,0,0,0,0,0,3.04,1,1,6.0,0,0,0,13.0,560.0,1
0,91.0,0.5,1,0,0,0,0,0,0,0,0,0,0,0,0,1,0,0,0,0,0,1,0,0,0,0,0,1.5,1,0,0.0,0,0,0,98.0,824.0,1
1,127.0,1.54,1,0,0,0,0,0,0,0,0,0,0,0,0,0,0,1,0,0,0,0,0,0,0,1,0,3.75,1,1,5.0,1,0,0,33.0,3.0,1
1,45.0,5.625,1,0,0,0,0,0,0,0,0,0,0,0,0,0,0,1,0,0,0,0,0,0,0,1,0,1.71,1,0,0.0,0,0,1,39.0,0.0,1
1,170.0,4.0,1,0,0,0,0,0,0,0,0,0,0,0,1,0,0,0,0,0,0,0,0,0,0,1,0,2.5,1,0,0.0,1,0,0,117.0,0.0,1
1,181.0,1.04,1,0,0,0,0,0,0,0,0,0,0,0,0,0,1,0,0,0,0,1,0,0,0,0,0,6.5,1,0,0.0,1,0,0,56.0,31285.0,1
0,76.0,11.585,1,0,0,0,0,1,0,0,0,0,0,0,0,0,0,0,0,0,0,0,0,0,0,1,0,0.04,1,0,0.0,0,0,0,25.0,1349.0,1
1,312.0,0.5,0,1,0,1,0,0,0,0,0,0,0,1,0,0,0,0,0,0,0,1,0,0,0,0,0,3.96,1,0,0.0,0,0,0,64.0,314.0,1
1,257.0,4.915,0,1,0,1,0,0,0,0,0,0,0,0,0,0,0,1,0,0,0,0,0,0,0,1,0,3.165,1,0,0.0,1,0,0,17.0,1442.0,1
1,66.0,0.83,1,0,0,0,1,0,0,0,0,0,0,0,0,0,0,0,0,0,0,1,0,0,0,0,0,2.165,0,0,0.0,1,0,0,41.0,0.0,1
1,147.0,1.835,1,0,0,0,1,0,0,0,0,0,0,0,0,0,0,0,0,0,0,1,0,0,0,0,0,4.335,1,0,0.0,0,0,0,92.0,200.0,1
0,222.0,6.0,1,0,0,0,0,0,0,0,0,0,0,1,0,0,0,0,0,0,0,0,0,0,0,1,0,1.0,1,0,0.0,1,0,0,2.0,0.0,1
1,284.0,6.04,1,0,0,0,0,0,0,0,0,0,0,1,0,0,0,0,0,0,0,0,0,0,0,1,0,0.04,0,0,0.0,0,0,0,2.0,2690.0,1
0,272.0,10.5,1,0,0,0,0,0,0,0,0,0,0,0,0,1,0,0,0,0,0,0,0,0,0,1,0,5.0,1,1,7.0,1,0,0,2.0,0.0,1
1,213.0,4.415,0,1,0,1,0,0,0,0,0,0,0,1,0,0,0,0,0,0,0,0,0,0,0,1,0,0.25,1,1,10.0,1,0,0,107.0,0.0,1
1,131.0,0.875,1,0,0,0,0,0,0,0,0,0,0,0,1,0,0,0,0,0,0,0,0,0,0,1,0,0.96,1,1,3.0,1,0,0,129.0,0.0,1
0,80.0,5.875,1,0,0,0,0,0,0,0,0,0,0,0,0,1,0,0,0,0,0,0,0,0,0,1,0,3.17,1,1,10.0,0,0,0,39.0,245.0,1
1,63.0,0.25,1,0,0,0,0,0,1,0,0,0,0,0,0,0,0,0,0,0,0,1,0,0,0,0,0,0.665,1,0,0.0,1,0,0,2.0,0.0,1
0,36.0,8.585,1,0,0,0,0,1,0,0,0,0,0,0,0,0,0,0,0,0,0,1,0,0,0,0,0,0.75,1,1,7.0,0,0,0,31.0,0.0,1
1,96.0,11.25,1,0,0,0,1,0,0,0,0,0,0,0,0,0,0,0,0,0,0,0,0,0,0,1,0,2.5,1,1,17.0,0,0,0,69.0,1208.0,1
1,80.0,1.0,1,0,0,0,1,0,0,0,0,0,0,0,0,0,0,0,0,0,0,0,0,0,0,1,0,0.835,1,0,0.0,0,0,1,102.0,0.0,1
0,282.0,8.0,1,0,0,0,1,0,0,0,0,0,0,0,0,0,0,0,0,0,0,0,0,0,0,1,0,7.875,1,1,6.0,1,0,0,2.0,1260.0,1
0,123.0,14.5,1,0,0,0,0,0,0,0,0,0,0,0,0,0,0,0,1,0,0,1,0,0,0,0,0,3.085,1,1,1.0,0,0,0,39.0,11.0,1
0,246.0,6.5,1,0,0,0,0,0,0,0,0,0,0,0,0,1,0,0,0,0,0,0,0,0,0,1,0,0.5,1,1,3.0,1,0,0,49.0,0.0,1
0,5.0,0.585,1,0,0,0,1,0,0,0,0,0,0,0,0,0,0,0,0,0,0,1,0,0,0,0,0,1.5,1,1,2.0,0,0,0,33.0,0.0,1
0,276.0,13.0,1,0,0,0,0,0,0,0,0,1,0,0,0,0,0,0,0,0,0,0,0,0,0,0,0,5.165,1,1,9.0,1,0,0,2.0,0.0,1
1,320.0,18.5,1,0,0,0,0,0,1,0,0,0,0,0,0,0,0,0,0,0,0,0,0,0,0,0,0,15.0,1,1,17.0,1,0,0,2.0,0.0,1
1,324.0,8.5,1,0,0,0,0,0,0,1,0,0,0,0,0,0,0,0,0,0,0,1,0,0,0,0,0,7.0,1,1,3.0,0,0,0,2.0,0.0,1
1,254.0,1.04,1,0,0,0,0,0,0,0,0,0,0,0,0,0,0,1,0,0,0,0,0,0,0,1,0,5.0,1,1,6.0,1,0,0,152.0,10000.0,1
1,140.0,14.79,1,0,0,0,0,0,0,0,0,0,0,0,0,0,0,0,0,0,0,0,0,0,0,1,0,5.04,1,1,5.0,1,0,0,58.0,0.0,1
1,253.0,9.79,1,0,0,0,0,0,0,0,0,0,0,0,0,0,0,0,1,0,0,1,0,0,0,0,0,7.96,1,1,8.0,0,0,0,2.0,0.0,1
1,293.0,7.585,1,0,0,0,0,0,0,0,0,1,0,0,0,0,0,0,0,0,0,0,0,0,0,0,0,7.585,1,1,15.0,1,0,0,2.0,5000.0,1
0,214.0,5.125,1,0,0,0,0,0,0,1,0,0,0,0,0,0,0,0,0,0,0,0,0,0,0,1,0,5.0,1,0,0.0,1,0,0,2.0,4000.0,1
0,72.0,10.75,1,0,0,0,0,0,0,0,0,0,0,0,0,1,0,0,0,0,0,0,0,0,0,1,0,0.415,1,1,5.0,1,0,0,2.0,560.0,1
1,127.0,1.5,1,0,0,0,0,0,0,0,0,0,0,0,0,0,0,1,0,0,0,0,0,0,0,1,0,2.0,1,1,11.0,1,0,0,140.0,35.0,1
1,121.0,1.585,1,0,0,0,0,1,0,0,0,0,0,0,0,0,0,0,0,0,0,1,0,0,0,0,0,1.835,1,1,12.0,1,0,0,160.0,713.0,1
0,77.0,11.75,1,0,0,0,0,0,0,0,0,0,0,0,0,0,0,0,1,0,0,1,0,0,0,0,0,0.5,1,1,2.0,1,0,0,102.0,551.0,1
1,126.0,0.585,0,1,0,1,0,1,0,0,0,0,0,0,0,0,0,0,0,0,0,0,0,0,0,1,0,0.25,1,1,2.0,0,0,0,92.0,500.0,1
1,313.0,9.415,1,0,0,0,0,0,0,0,1,0,0,0,0,0,0,0,0,0,1,0,0,0,0,0,0,14.415,1,1,11.0,1,0,0,10.0,300.0,1
1,190.0,9.17,1,0,0,0,1,0,0,0,0,0,0,0,0,0,0,0,0,0,0,0,0,0,0,1,0,4.5,1,1,12.0,1,0,0,2.0,221.0,1
1,138.0,15.0,1,0,0,0,1,0,0,0,0,0,0,0,0,0,0,0,0,0,0,1,0,0,0,0,0,5.335,1,1,11.0,0,0,0,2.0,2283.0,1
1,144.0,1.415,1,0,0,0,0,0,0,0,0,0,0,0,0,0,0,1,0,0,0,1,0,0,0,0,0,0.75,1,1,1.0,0,0,0,86.0,100.0,1
1,236.0,13.915,1,0,0,0,0,0,0,0,0,0,0,0,0,0,0,1,0,0,0,0,0,0,0,1,0,8.625,1,1,6.0,1,0,0,21.0,0.0,1
1,318.0,28.0,0,1,0,1,1,0,0,0,0,0,0,0,0,0,0,0,0,0,0,0,0,0,0,1,0,28.5,1,1,40.0,0,0,0,2.0,15.0,1
1,311.0,6.75,1,0,0,0,1,0,0,0,0,0,0,0,0,0,0,0,0,0,0,1,0,0,0,0,0,2.625,1,1,11.0,1,0,0,2.0,284.0,1
0,245.0,2.04,0,1,0,1,0,0,0,0,0,0,0,0,0,1,0,0,0,0,0,1,0,0,0,0,0,0.125,1,1,23.0,1,0,0,145.0,1236.0,1
1,168.0,4.46,1,0,0,0,0,1,0,0,0,0,0,0,0,0,0,0,0,0,0,1,0,0,0,0,0,6.04,1,1,3.0,0,0,0,105.0,300.0,1
1,249.0,1.54,1,0,0,0,0,0,0,0,0,1,0,0,0,0,0,0,0,0,0,0,0,0,0,0,0,3.5,0,0,0.0,0,0,0,76.0,0.0,1
1,86.0,0.665,1,0,0,0,1,0,0,0,0,0,0,0,0,0,0,0,0,0,0,0,0,0,0,1,0,0.165,0,0,0.0,0,0,0,33.0,0.0,1
0,105.0,0.5,1,0,0,0,1,0,0,0,0,0,0,0,0,0,0,0,0,0,0,1,0,0,0,0,0,0.875,1,0,0.0,1,0,0,151.0,0.0,1
1,108.0,1.0,1,0,0,0,0,0,0,0,0,0,0,0,0,1,0,0,0,0,0,0,0,0,0,1,0,1.75,1,0,0.0,1,0,0,98.0,0.0,1
1,217.0,2.04,1,0,0,0,0,0,0,0,0,0,0,0,0,0,0,1,0,0,0,0,0,0,0,1,0,0.04,1,0,0.0,1,0,0,131.0,5800.0,1
1,198.0,2.5,1,0,0,0,0,0,0,0,0,0,0,0,0,0,0,1,0,0,0,0,0,0,0,1,0,0.0,1,0,0.0,1,0,0,85.0,200.0,1
1,191.0,3.0,1,0,0,0,0,1,0,0,0,0,0,0,0,0,0,0,0,0,0,1,0,0,0,0,0,7.415,1,0,0.0,1,0,0,2.0,0.0,1
1,81.0,11.625,0,1,0,1,0,0,0,0,0,0,0,0,0,0,0,1,0,0,0,0,0,0,0,1,0,0.835,1,0,0.0,1,0,0,54.0,300.0,1
1,79.0,0.0,1,0,0,0,0,1,0,0,0,0,0,0,0,0,0,0,0,0,0,0,0,0,0,1,0,0.085,1,0,0.0,0,0,0,2.0,0.0,1
1,267.0,0.5,1,0,0,0,0,0,0,0,0,1,0,0,0,0,0,0,0,0,0,1,0,0,0,0,0,5.0,1,0,0.0,1,0,0,107.0,0.0,1
1,200.0,4.5,1,0,0,0,0,0,0,0,0,0,0,0,0,0,0,0,1,0,0,1,0,0,0,0,0,5.75,0,0,0.0,1,0,1,164.0,0.0,1
1,263.0,3.0,1,0,0,0,0,0,0,0,0,0,0,0,0,1,0,0,0,0,0,1,0,0,0,0,0,6.0,1,1,11.0,0,0,0,25.0,0.0,1
1,321.0,12.25,1,0,0,0,0,0,0,0,0,0,0,0,1,0,0,0,0,0,0,0,0,0,0,1,0,1.25,1,1,4.0,1,0,0,69.0,0.0,1
1,165.0,16.165,1,0,0,0,0,0,1,0,0,0,0,0,0,0,0,0,0,0,0,0,0,0,0,1,0,3.0,1,1,9.0,0,0,0,87.0,730.0,1
0,82.0,0.79,0,1,0,1,0,0,0,0,0,0,0,0,0,1,0,0,0,0,0,0,0,0,0,1,0,1.5,1,1,2.0,1,0,0,25.0,400.0,1
0,48.0,0.835,1,0,0,0,0,0,0,0,0,0,0,0,0,1,0,0,0,0,0,0,0,0,0,1,0,1.585,1,1,1.0,0,0,0,2.0,0.0,1
1,115.0,4.25,1,0,0,0,0,1,0,0,0,0,0,0,0,0,0,0,0,0,0,0,0,0,0,1,0,4.29,1,1,1.0,1,0,0,39.0,0.0,1
1,190.0,1.54,1,0,0,0,0,1,0,0,0,0,0,0,0,0,0,0,0,0,0,0,0,0,0,1,0,1.54,1,1,1.0,1,0,0,156.0,50000.0,1
0,205.0,1.0,1,0,0,0,1,0,0,0,0,0,0,0,0,0,0,0,0,0,0,0,0,0,0,1,0,2.0,1,1,11.0,0,0,0,2.0,456.0,1
1,102.0,0.375,1,0,0,0,0,0,0,0,0,0,0,0,1,0,0,0,0,0,0,0,0,0,0,1,0,0.25,1,1,3.0,0,0,0,92.0,15108.0,1
1,38.0,6.5,1,0,0,0,0,0,0,0,0,0,0,0,0,0,0,1,0,0,0,1,0,0,0,0,0,1.46,1,1,7.0,0,0,0,25.0,2954.0,1
1,200.0,25.125,1,0,0,0,0,0,0,0,0,0,0,0,0,0,0,0,1,0,0,1,0,0,0,0,0,1.625,1,1,1.0,1,0,0,154.0,500.0,1
1,173.0,7.5,1,0,0,0,0,0,0,1,0,0,0,0,0,0,0,0,0,0,0,0,0,0,0,0,0,1.585,1,0,0.0,1,0,1,136.0,0.0,0
0,225.0,5.0,1,0,0,0,0,1,0,0,0,0,0,0,0,0,0,0,0,0,0,0,0,0,0,1,0,13.5,1,0,0.0,1,0,0,169.0,0.0,0
1,266.0,0.5,1,0,0,0,0,0,0,0,0,0,0,0,1,0,0,0,0,0,0,0,0,0,0,1,0,10.75,1,0,0.0,0,0,1,131.0,0.0,0
1,268.0,7.0,0,1,0,1,1,0,0,0,0,0,0,0,0,0,0,0,0,0,0,0,0,0,0,1,0,1.625,0,0,0.0,0,0,0,54.0,2.0,0
1,50.0,5.29,1,0,0,0,0,0,0,0,0,0,0,0,0,1,0,0,0,0,0,0,0,0,0,1,0,0.375,1,1,1.0,0,0,0,54.0,0.0,0
1,189.0,6.5,1,0,0,0,0,0,0,0,0,0,0,0,0,0,0,0,0,0,0,0,0,0,0,1,0,0.125,1,0,0.0,1,0,0,142.0,0.0,0
0,36.0,0.585,0,1,0,1,0,0,0,0,0,0,0,0,0,0,0,0,0,0,0,0,0,0,0,1,0,0.585,1,0,0.0,1,0,0,54.0,0.0,0
1,61.0,1.165,0,1,0,1,0,0,0,0,0,0,0,1,0,0,0,0,0,0,0,0,0,0,0,1,0,2.5,1,1,1.0,0,0,0,64.0,20.0,0
1,59.0,9.75,1,0,0,0,1,0,0,0,0,0,0,0,0,0,0,0,0,0,0,0,0,0,0,1,0,0.25,1,0,0.0,0,0,0,46.0,0.0,0
1,294.0,19.0,1,0,0,0,0,0,0,0,1,0,0,0,0,0,0,0,0,0,1,0,0,0,0,0,0,0.0,1,1,1.0,0,0,0,30.0,0.0,0
0,125.0,1.5,1,0,0,0,0,0,0,0,0,0,0,0,1,0,0,0,0,0,0,0,0,0,0,1,0,2.0,1,0,0.0,0,0,1,118.0,0.0,0
1,237.0,0.5,1,0,0,0,0,0,0,0,0,0,0,0,1,0,0,0,0,0,0,0,0,0,0,1,0,0.25,1,0,0.0,0,0,1,99.0,0.0,0
1,121.0,0.625,1,0,0,0,0,0,0,0,0,0,0,0,0,0,0,0,0,0,0,0,0,0,0,1,0,0.455,1,0,0.0,1,0,0,69.0,0.0,0
1,215.0,4.0,1,0,0,0,1,0,0,0,0,0,0,0,0,0,0,0,0,0,0,0,0,0,0,0,0,5.0,1,0,0.0,1,0,1,98.0,0.0,0
1,104.0,2.21,0,1,0,1,0,0,0,0,0,0,0,0,0,0,0,0,0,0,0,0,0,0,0,1,0,4.0,1,0,0.0,0,0,0,67.0,0.0,0
1,188.0,4.5,1,0,0,0,0,0,0,0,0,0,0,0,0,0,0,0,0,0,0,0,0,0,0,1,0,1.0,1,0,0.0,1,0,0,86.0,0.0,0
0,291.0,1.5,1,0,0,0,0,0,0,0,0,0,1,0,0,0,0,0,0,0,0,0,1,0,0,0,0,0.0,1,0,0.0,1,0,0,33.0,27.0,0
1,336.0,12.75,0,1,0,1,1,0,0,0,0,0,0,0,0,0,0,0,0,0,0,1,0,0,0,0,0,5.0,1,0,0.0,0,0,0,37.0,0.0,0
1,163.0,15.5,1,0,0,0,1,0,0,0,0,0,0,0,0,0,0,0,0,0,0,0,0,0,0,1,0,0.5,1,0,0.0,0,0,0,39.0,0.0,0
1,305.0,1.375,0,1,0,1,1,0,0,0,0,0,0,0,0,0,0,0,0,0,0,1,0,0,0,0,0,9.46,1,0,0.0,1,0,0,69.0,100.0,0
1,137.0,1.5,0,1,0,1,1,0,0,0,0,0,0,0,0,0,0,0,0,0,0,0,0,0,0,1,0,1.5,1,0,0.0,1,0,0,2.0,225.0,0
0,135.0,3.54,1,0,0,0,0,0,0,0,0,1,0,0,0,0,0,0,0,0,0,0,0,0,0,0,0,0.5,1,0,0.0,1,0,0,60.0,0.0,0
1,77.0,0.625,0,1,0,1,0,0,0,0,0,0,0,0,0,0,0,0,0,0,0,0,0,0,0,1,0,0.125,1,0,0.0,0,0,0,64.0,1.0,0
0,71.0,11.0,0,1,0,1,0,0,0,0,0,0,0,0,0,1,0,0,0,0,0,0,0,0,0,1,0,3.0,1,0,0.0,1,0,0,94.0,0.0,0
0,134.0,1.0,1,0,0,0,0,0,0,0,0,0,0,0,0,1,0,0,0,0,0,0,0,0,0,1,0,1.0,1,1,2.0,1,0,0,57.0,500.0,0
1,218.0,1.75,0,1,0,1,1,0,0,0,0,0,0,0,0,0,0,0,0,0,0,0,0,0,0,0,0,0.25,1,0,0.0,1,0,0,56.0,400.0,0
1,201.0,16.5,0,1,0,1,1,0,0,0,0,0,0,0,0,0,0,0,0,0,0,0,0,0,0,1,0,4.0,1,0,0.0,0,0,0,25.0,0.0,0
1,31.0,5.0,1,0,0,0,0,0,0,0,0,0,0,0,0,1,0,0,0,0,0,0,0,0,0,1,0,0.375,1,1,2.0,0,0,0,2.0,38.0,0
1,96.0,12.0,1,0,0,0,0,0,0,0,0,0,0,1,0,0,0,0,0,0,0,0,0,0,0,1,0,2.25,1,1,2.0,1,0,0,39.0,5.0,0
1,127.0,4.0,0,1,0,1,0,0,0,0,0,1,0,0,0,0,0,0,0,0,0,1,0,0,0,0,0,5.75,1,1,2.0,1,0,0,23.0,0.0,0
1,314.0,15.5,1,0,0,0,0,0,0,1,0,0,0,0,0,0,0,0,0,0,0,0,0,0,0,0,1,0.0,1,1,20.0,0,0,0,51.0,130.0,0
1,137.0,1.165,1,0,0,0,0,0,0,0,0,0,0,1,0,0,0,0,0,0,0,0,0,0,0,1,0,0.5,1,0,0.0,0,0,1,98.0,0.0,0
0,96.0,11.0,0,1,0,1,0,0,0,0,0,0,0,0,0,0,0,0,0,0,0,0,0,0,0,1,0,4.5,1,0,0.0,0,0,0,39.0,0.0,0
1,244.0,2.25,0,1,0,1,0,0,0,0,0,0,0,0,0,0,0,0,1,0,0,1,0,0,0,0,0,10.0,1,0,0.0,1,0,0,62.0,0.0,0
0,42.0,0.75,1,0,0,0,1,0,0,0,0,0,0,0,0,0,0,0,0,0,0,0,0,0,0,1,0,0.795,1,1,5.0,1,0,0,46.0,5.0,0
1,139.0,3.5,1,0,0,0,0,0,0,0,0,0,0,0,0,0,0,1,0,0,0,0,0,0,0,1,0,3.5,1,1,3.0,1,0,0,108.0,0.0,0
0,91.0,1.04,0,1,0,1,0,0,0,0,1,0,0,0,0,0,0,0,0,0,1,0,0,0,0,0,0,0.5,1,1,3.0,0,0,0,64.0,147.0,0
1,92.0,12.5,1,0,0,0,0,0,0,0,0,0,0,0,0,0,0,1,0,0,0,0,0,0,0,1,0,0.875,1,0,0.0,1,0,0,92.0,0.0,0
0,186.0,0.75,1,0,0,0,0,0,0,0,0,0,0,1,0,0,0,0,0,0,0,0,0,0,0,0,0,1.0,1,1,3.0,1,0,0,75.0,0.0,0
1,50.0,1.25,0,1,0,1,1,0,0,0,0,0,0,0,0,0,0,0,0,0,0,1,0,0,0,0,0,1.375,1,1,3.0,1,0,0,46.0,210.0,0
0,101.0,1.125,1,0,0,0,0,0,0,0,0,0,0,0,0,1,0,0,0,0,0,0,0,0,0,1,0,1.29,1,1,2.0,0,0,0,69.0,0.0,0
1,220.0,7.0,1,0,0,0,0,0,0,0,0,0,0,0,0,1,0,0,0,0,0,1,0,0,0,0,0,11.5,1,1,7.0,1,0,0,102.0,5.0,0
1,307.0,6.5,1,0,0,0,0,0,0,0,0,0,0,1,0,0,0,0,0,0,0,0,0,0,0,1,0,6.29,1,1,15.0,0,0,0,2.0,11202.0,1
1,326.0,7.04,1,0,0,0,0,0,0,0,0,0,0,0,1,0,0,0,0,0,0,0,0,0,0,1,0,14.0,1,1,6.0,1,0,0,117.0,1332.0,1
0,51.0,10.335,1,0,0,0,0,1,0,0,0,0,0,0,0,0,0,0,0,0,0,1,0,0,0,0,0,0.335,1,1,1.0,1,0,0,25.0,50.0,1
1,238.0,6.21,1,0,0,0,0,0,0,0,0,0,0,0,0,1,0,0,0,0,0,0,0,0,0,1,0,0.04,1,1,1.0,0,0,0,69.0,300.0,1
1,104.0,12.5,1,0,0,0,0,1,0,0,0,0,0,0,0,0,0,0,0,0,0,0,0,0,0,1,0,1.21,1,1,67.0,1,0,0,46.0,258.0,1
0,93.0,12.5,1,0,0,0,0,0,0,0,0,0,0,0,0,0,0,0,0,0,0,0,0,0,0,1,0,1.5,1,1,12.0,1,0,0,39.0,567.0,1
0,265.0,6.665,1,0,0,0,0,0,0,0,0,0,0,0,0,1,0,0,0,0,0,0,0,0,0,1,0,7.375,1,1,3.0,1,0,0,2.0,0.0,1
0,83.0,9.0,1,0,0,0,0,0,0,0,0,0,0,0,0,1,0,0,0,0,0,0,0,0,0,1,0,8.5,1,1,5.0,1,0,0,39.0,0.0,1
1,198.0,5.0,1,0,0,0,0,0,0,0,0,0,0,0,0,0,0,0,1,0,0,1,0,0,0,0,0,7.5,1,1,6.0,1,0,0,2.0,1000.0,1
1,281.0,2.5,1,0,0,0,0,0,0,0,0,0,0,0,1,0,0,0,0,0,0,0,0,0,0,0,0,2.5,1,1,12.0,1,0,0,133.0,2510.0,1
1,74.0,11.0,1,0,0,0,0,0,0,0,0,0,0,0,0,1,0,0,0,0,0,0,0,0,0,1,0,2.5,1,1,7.0,1,0,0,33.0,809.0,1
1,192.0,4.25,1,0,0,0,0,0,0,0,0,1,0,0,0,0,0,0,0,0,0,0,0,0,0,0,0,3.25,1,1,2.0,0,0,0,96.0,610.0,1
0,133.0,3.5,1,0,0,0,0,0,0,0,0,0,0,0,0,0,0,1,0,0,0,0,0,0,0,1,0,0.835,1,0,0.0,0,0,1,98.0,0.0,1
1,342.0,5.5,1,0,0,0,0,0,0,1,0,0,0,0,0,0,0,0,0,0,0,0,0,0,0,0,1,13.0,1,1,1.0,1,0,0,2.0,0.0,1
1,48.0,1.835,1,0,0,0,1,0,0,0,0,0,0,0,0,0,0,0,0,0,0,0,0,0,0,1,0,2.25,1,1,1.0,0,0,0,33.0,150.0,1
0,280.0,8.0,1,0,0,0,0,0,0,1,0,0,0,0,0,0,0,0,0,0,0,0,0,0,0,0,0,6.5,1,1,6.0,0,0,0,123.0,51100.0,1
1,208.0,5.0,1,0,0,0,1,0,0,0,0,0,0,0,0,0,0,0,0,0,0,0,0,0,0,0,0,2.5,1,1,6.0,0,0,0,2.0,367.0,1
1,175.0,5.5,1,0,0,0,0,0,0,0,0,0,0,0,0,1,0,0,0,0,0,1,0,0,0,0,0,5.5,1,1,12.0,1,0,0,132.0,1000.0,1
1,289.0,6.5,1,0,0,0,0,0,0,0,0,0,0,0,0,1,0,0,0,0,0,1,0,0,0,0,0,6.0,1,0,0.0,1,0,0,114.0,0.0,1
1,238.0,0.54,0,1,0,1,0,0,0,0,0,0,0,0,0,0,0,0,0,0,0,0,0,0,0,1,0,0.5,1,1,3.0,0,0,0,69.0,1000.0,1
1,184.0,2.75,1,0,0,0,0,0,0,0,0,0,0,0,1,0,0,0,0,0,0,0,0,0,0,1,0,4.25,1,1,6.0,0,0,0,71.0,0.0,1
0,33.0,9.5,1,0,0,0,0,0,0,0,0,0,0,0,0,0,0,1,0,0,0,0,0,0,0,1,0,1.625,1,1,6.0,1,0,0,12.0,600.0,1
0,118.0,13.5,1,0,0,0,0,0,0,0,0,0,0,0,0,1,0,0,0,0,0,1,0,0,0,0,0,5.0,1,1,2.0,0,0,0,2.0,5000.0,1
0,161.0,3.75,1,0,0,0,0,1,0,0,0,0,0,0,0,0,0,0,0,0,0,1,0,0,0,0,0,0.625,1,1,9.0,1,0,0,65.0,0.0,1
0,319.0,16.0,1,0,0,0,0,0,0,0,0,0,1,0,0,0,0,0,0,0,1,0,0,0,0,0,0,0.0,1,1,15.0,0,0,0,2.0,247.0,1
1,260.0,0.29,0,1,0,1,0,1,0,0,0,0,0,0,0,0,0,0,0,0,0,1,0,0,0,0,0,1.75,1,1,8.0,0,0,0,33.0,375.0,1
1,69.0,11.0,1,0,0,0,0,0,0,0,0,0,0,0,0,0,0,1,0,0,0,0,0,0,0,1,0,2.0,1,1,1.0,0,0,0,25.0,278.0,1
1,121.0,1.665,1,0,0,0,0,1,0,0,0,0,0,0,0,0,0,0,0,0,0,1,0,0,0,0,0,5.085,1,1,9.0,0,0,0,130.0,827.0,1
1,177.0,2.5,1,0,0,0,0,1,0,0,0,0,0,0,0,0,0,0,0,0,0,1,0,0,0,0,0,2.75,1,1,6.0,0,0,0,54.0,2072.0,1
1,80.0,1.5,1,0,0,0,0,0,0,0,0,0,0,0,0,1,0,0,0,0,0,0,0,0,0,1,0,2.375,1,1,3.0,1,0,0,2.0,582.0,1
0,241.0,7.54,0,1,0,1,0,0,0,0,0,0,0,0,0,1,0,0,0,0,0,1,0,0,0,0,0,8.0,1,1,14.0,0,0,0,2.0,2300.0,1
0,154.0,6.5,1,0,0,0,1,0,0,0,0,0,0,0,0,0,0,0,0,0,0,0,0,0,0,0,0,4.0,1,1,7.0,1,0,0,2.0,3065.0,1
0,308.0,15.0,1,0,0,0,1,0,0,0,0,0,0,0,0,0,0,0,0,0,0,0,0,0,0,1,0,5.5,1,1,14.0,0,0,0,2.0,2200.0,1
0,275.0,0.46,1,0,0,0,0,1,0,0,0,0,0,0,0,0,0,0,0,0,0,1,0,0,0,0,0,0.415,1,1,11.0,1,0,0,141.0,6.0,1
0,327.0,10.0,1,0,0,0,0,0,0,0,0,0,0,0,0,1,0,0,0,0,0,0,0,0,0,1,0,4.0,1,1,14.0,0,0,0,2.0,1602.0,1
1,216.0,6.5,1,0,0,0,0,0,0,0,0,0,0,0,1,0,0,0,0,0,0,1,0,0,0,0,0,4.25,1,1,12.0,1,0,0,29.0,0.0,1
1,78.0,2.5,1,0,0,0,1,0,0,0,0,0,0,0,0,0,0,0,0,0,0,0,0,0,0,1,0,1.085,1,1,11.0,1,0,0,19.0,2184.0,1
1,176.0,1.5,1,0,0,0,0,1,0,0,0,0,0,0,0,0,0,0,0,0,0,1,0,0,0,0,0,5.5,1,1,3.0,1,0,0,2.0,0.0,1
0,61.0,11.5,0,1,0,1,0,0,0,0,0,0,1,0,0,0,0,0,0,0,0,0,1,0,0,0,0,0.0,1,1,11.0,1,0,0,2.0,0.0,1
0,134.0,3.04,0,1,0,1,0,0,0,0,0,0,0,0,0,0,0,0,1,0,0,1,0,0,0,0,0,2.54,1,1,1.0,0,0,0,21.0,0.0,1
0,343.0,15.0,1,0,0,0,0,0,0,1,0,0,0,0,0,0,0,0,0,0,0,0,0,0,0,0,1,0.0,1,1,14.0,0,0,0,2.0,3376.0,1
1,128.0,2.0,1,0,0,0,0,0,0,0,0,0,0,1,0,0,0,0,0,0,0,1,0,0,0,0,0,4.165,1,1,2.0,1,0,0,65.0,0.0,1
1,189.0,0.08,0,1,0,1,0,0,0,0,0,0,0,0,1,0,0,0,0,0,0,0,0,0,0,0,0,0.04,1,1,1.0,1,0,0,98.0,2000.0,1
1,125.0,2.0,1,0,0,0,0,0,0,0,0,0,0,0,0,0,0,0,1,0,0,1,0,0,0,0,0,1.0,1,1,4.0,0,0,0,46.0,7544.0,1
1,264.0,2.0,1,0,0,0,0,0,0,0,0,0,0,0,1,0,0,0,0,0,0,0,0,0,0,1,0,1.75,1,1,2.0,1,0,0,2.0,15.0,1
1,97.0,1.71,1,0,0,0,0,0,0,0,0,0,0,0,0,0,0,0,1,0,0,0,0,0,0,1,0,1.665,1,1,1.0,1,0,0,128.0,20.0,1
1,169.0,1.75,0,1,0,1,0,0,0,1,0,0,0,0,0,0,0,0,0,0,0,1,0,0,0,0,0,0.04,1,0,0.0,1,0,0,127.0,0.0,1
0,334.0,16.5,1,0,0,0,0,0,0,0,0,0,0,0,0,1,0,0,0,0,0,0,0,0,0,1,0,11.0,1,0,0.0,1,0,0,5.0,10561.0,1
0,243.0,10.0,1,0,0,0,0,0,0,0,0,0,0,0,0,1,0,0,0,0,0,1,0,0,0,0,0,1.75,1,0,0.0,0,0,0,9.0,837.0,1
1,37.0,9.5,1,0,0,0,0,0,0,0,0,0,0,0,0,1,0,0,0,0,0,0,0,0,0,1,0,1.0,1,0,0.0,1,0,0,19.0,400.0,1
0,173.0,0.54,1,0,0,0,0,1,0,0,0,0,0,0,0,0,0,0,0,0,0,0,0,0,0,1,0,0.04,1,0,0.0,0,0,0,141.0,11177.0,1
1,213.0,3.25,1,0,0,0,0,0,0,0,0,0,0,0,0,1,0,0,0,0,0,1,0,0,0,0,0,9.0,1,0,0.0,1,0,0,34.0,639.0,1
1,218.0,1.125,0,1,0,1,0,0,1,0,0,0,0,0,0,0,0,0,0,0,0,0,0,0,0,1,0,1.5,0,0,0.0,1,0,0,138.0,0.0,1
0,97.0,2.54,0,1,0,1,0,0,0,0,0,0,0,0,0,0,0,0,0,0,0,0,0,0,0,1,0,0.25,1,0,0.0,1,0,0,120.0,0.0,1
1,247.0,0.0,1,0,0,0,1,0,0,0,0,0,0,0,0,0,0,0,0,0,0,0,0,0,0,0,0,15.0,1,0,0.0,0,0,0,2.0,0.0,1
1,317.0,12.5,1,0,0,0,0,0,0,0,0,0,0,1,0,0,0,0,0,0,0,1,0,0,0,0,0,8.0,1,0,0.0,1,0,0,7.0,2028.0,1
0,295.0,13.585,1,0,0,0,0,0,0,0,0,0,0,1,0,0,0,0,0,0,0,1,0,0,0,0,0,8.5,1,0,0.0,1,0,0,2.0,0.0,1
1,73.0,10.5,1,0,0,0,0,0,0,0,0,0,0,0,0,1,0,0,0,0,0,1,0,0,0,0,0,1.335,1,0,0.0,0,0,0,33.0,0.0,1
1,119.0,1.5,0,1,0,1,0,0,0,0,0,0,0,0,0,0,0,1,0,0,0,0,0,0,0,1,0,0.375,1,0,0.0,1,0,0,92.0,1065.0,1
1,96.0,12.5,1,0,0,0,0,0,0,0,0,0,0,0,0,0,0,0,0,0,0,0,0,0,0,1,0,3.0,1,0,0.0,1,0,1,4.0,0.0,1
0,109.0,8.665,1,0,0,0,0,0,0,0,0,0,0,0,0,0,0,0,0,0,0,0,0,0,0,1,0,1.415,1,0,0.0,0,0,0,54.0,150.0,1
0,28.0,9.25,1,0,0,0,0,0,0,0,0,0,0,0,0,1,0,0,0,0,0,0,0,0,0,1,0,1.21,1,1,4.0,0,0,0,19.0,540.0,1
1,45.0,8.17,1,0,0,0,0,0,0,0,0,0,0,0,0,0,0,0,0,0,0,0,0,0,0,1,0,1.96,1,1,14.0,0,0,0,19.0,158.0,1
1,281.0,0.29,1,0,0,0,1,0,0,0,0,0,0,0,0,0,0,0,0,0,0,0,0,0,0,0,0,15.0,1,1,20.0,0,0,0,2.0,15000.0,1
0,56.0,2.335,1,0,0,0,0,0,0,0,0,1,0,0,0,0,0,0,0,0,0,0,0,0,0,0,0,0.5,1,1,4.0,0,0,1,25.0,0.0,1
0,50.0,3.0,1,0,0,0,0,0,0,0,0,0,0,0,0,1,0,0,0,0,0,0,0,0,0,1,0,0.165,1,1,3.0,0,0,0,33.0,6.0,1
0,323.0,19.5,1,0,0,0,1,0,0,0,0,0,0,0,0,0,0,0,0,0,0,0,0,0,0,1,0,5.5,1,1,7.0,0,0,0,2.0,3000.0,1
0,70.0,5.665,1,0,0,0,0,0,0,0,0,0,0,0,0,1,0,0,0,0,0,0,0,0,0,1,0,2.585,1,1,7.0,0,0,0,42.0,3257.0,1
1,290.0,8.5,1,0,0,0,1,0,0,0,0,0,0,0,0,0,0,0,0,0,0,1,0,0,0,0,0,12.5,1,1,9.0,0,0,0,65.0,1655.0,1
1,239.0,6.5,1,0,0,0,0,0,0,0,0,0,0,0,0,0,0,0,0,0,0,0,0,0,0,0,0,3.5,1,1,1.0,0,0,0,2.0,500.0,1
1,242.0,5.0,1,0,0,0,1,0,0,0,0,0,0,0,0,0,0,0,0,0,0,0,0,0,0,1,0,5.0,1,1,7.0,0,0,0,2.0,3065.0,1
0,136.0,1.04,1,0,0,0,1,0,0,0,0,0,0,0,0,0,0,0,0,0,0,0,0,0,0,1,0,2.5,1,1,5.0,1,0,0,102.0,1430.0,1
0,180.0,4.625,1,0,0,0,0,0,0,0,0,0,0,0,0,1,0,0,0,0,0,1,0,0,0,0,0,1.625,1,1,2.0,0,0,0,2.0,0.0,1
1,57.0,10.5,1,0,0,0,1,0,0,0,0,0,0,0,0,0,0,0,0,0,0,0,0,0,0,1,0,3.0,1,0,0.0,1,0,0,2.0,0.0,1
1,253.0,0.205,1,0,0,0,0,0,0,0,0,1,0,0,0,0,0,0,0,0,0,1,0,0,0,0,0,5.125,1,0,0.0,0,0,0,131.0,0.0,1
1,251.0,0.96,1,0,0,0,0,0,0,0,0,0,0,0,0,0,0,0,1,0,0,0,0,0,0,1,0,2.5,1,0,0.0,0,0,0,153.0,600.0,1
1,73.0,1.585,0,1,0,1,0,0,0,0,0,0,0,0,0,0,0,1,0,0,0,0,0,0,0,1,0,3.085,1,1,6.0,0,0,0,25.0,0.0,1
1,193.0,4.04,0,1,0,1,0,0,0,0,0,1,0,0,0,0,0,0,0,0,0,0,0,0,0,0,0,8.5,1,1,7.0,1,0,0,68.0,0.0,1
1,131.0,5.04,0,1,0,1,1,0,0,0,0,0,0,0,0,0,0,0,0,0,0,0,0,0,0,0,0,1.5,1,1,8.0,1,0,0,48.0,7.0,1
1,181.0,3.165,0,1,0,1,0,0,0,0,0,0,0,0,0,0,0,0,1,0,0,0,0,0,0,1,0,3.165,1,1,3.0,1,0,0,124.0,0.0,1
1,285.0,7.625,1,0,0,0,0,0,0,0,0,0,0,0,0,0,0,1,0,0,0,1,0,0,0,0,0,15.5,1,1,12.0,0,0,0,2.0,790.0,1
1,124.0,2.04,0,1,0,1,0,0,0,0,0,0,0,0,0,0,0,0,0,0,0,0,0,0,0,1,0,2.0,1,1,3.0,1,0,0,120.0,560.0,1
1,72.0,10.04,1,0,0,0,0,0,0,0,0,0,0,0,0,0,0,0,1,0,0,0,0,0,0,1,0,0.04,1,1,9.0,0,0,0,19.0,396.0,1
0,87.0,0.5,1,0,0,0,0,0,0,0,0,0,0,0,0,1,0,0,0,0,0,1,0,0,0,0,0,1.25,1,1,1.0,0,0,0,2.0,678.0,1
0,247.0,1.0,1,0,0,0,0,0,0,0,0,1,0,0,0,0,0,0,0,0,0,0,0,0,0,0,0,2.25,1,0,0.0,1,0,0,2.0,300.0,1
0,51.0,10.25,1,0,0,0,0,0,0,0,0,0,0,0,0,1,0,0,0,0,0,0,0,0,0,1,0,0.71,1,1,2.0,1,0,0,15.0,0.0,1
1,209.0,2.125,0,1,0,1,0,0,0,0,0,0,0,0,0,0,0,1,0,0,0,0,0,0,0,1,0,0.085,1,1,1.0,0,0,0,16.0,1187.0,1
0,202.0,12.0,1,0,0,0,0,0,0,0,0,0,0,0,0,1,0,0,0,0,0,1,0,0,0,0,0,14.0,1,1,8.0,0,0,0,2.0,6590.0,1
1,136.0,9.335,1,0,0,0,0,0,0,0,0,0,0,0,0,1,0,0,0,0,0,1,0,0,0,0,0,5.665,1,1,6.0,0,0,0,125.0,168.0,1
1,200.0,2.5,1,0,0,0,0,0,0,0,0,0,0,1,0,0,0,0,0,0,0,0,0,0,0,1,0,4.5,1,1,7.0,0,0,0,50.0,1270.0,1
1,235.0,4.25,1,0,0,0,1,0,0,0,0,0,0,0,0,0,0,0,0,0,0,0,0,0,0,0,0,6.5,1,1,16.0,0,0,0,38.0,1210.0,1
1,233.0,5.875,1,0,0,0,0,1,0,0,0,0,0,0,0,0,0,0,0,0,0,1,0,0,0,0,0,10.0,1,1,14.0,1,0,0,130.0,0.0,1
1,89.0,6.625,0,1,0,1,0,0,1,0,0,0,0,0,0,0,0,0,0,0,0,0,0,0,0,1,0,5.5,1,0,0.0,1,0,1,33.0,0.0,1
1,333.0,14.5,1,0,0,0,0,0,0,0,1,0,0,0,0,0,0,0,0,0,1,0,0,0,0,0,0,18.0,1,1,15.0,1,0,0,2.0,1000.0,1
1,78.0,11.5,1,0,0,0,0,0,0,0,0,1,0,0,0,0,0,0,0,0,0,0,0,0,0,1,0,3.5,1,1,9.0,0,0,0,18.0,742.0,1
1,115.0,2.71,0,1,0,1,0,1,0,0,0,0,0,0,0,0,0,0,0,0,0,0,0,0,0,1,0,5.25,1,1,1.0,0,0,0,74.0,0.0,1
1,285.0,3.5,1,0,0,0,0,0,0,0,0,0,0,0,0,0,0,0,0,0,0,0,0,0,0,1,0,3.5,1,0,0.0,0,0,1,82.0,0.0,1
1,246.0,4.04,1,0,0,0,0,1,0,0,0,0,0,0,0,0,0,0,0,0,0,1,0,0,0,0,0,7.0,1,1,8.0,0,0,0,107.0,0.0,1
1,316.0,11.5,1,0,0,0,0,0,0,0,1,0,0,0,0,0,0,0,0,0,1,0,0,0,0,0,0,5.0,1,1,5.0,0,0,0,2.0,8851.0,1
1,310.0,9.625,1,0,0,0,0,0,0,1,0,0,0,0,0,0,0,0,0,0,0,0,0,0,0,1,0,8.665,1,1,5.0,0,0,0,2.0,0.0,1
0,34.0,9.25,0,1,0,1,1,0,0,0,0,0,0,0,0,0,0,0,0,0,0,0,0,0,0,1,0,1.0,1,1,4.0,1,0,0,25.0,500.0,1
0,296.0,12.54,1,0,0,0,0,0,0,0,0,0,0,0,0,0,0,0,0,0,0,0,0,0,0,1,0,2.29,1,1,3.0,1,0,0,53.0,0.0,1
1,341.0,11.0,1,0,0,0,0,0,0,1,0,0,0,0,0,0,0,0,0,0,0,0,0,0,0,0,1,20.0,1,1,7.0,1,0,0,6.0,0.0,1
0,19.0,9.0,1,0,0,0,0,0,0,0,0,0,0,0,0,0,0,0,0,0,0,0,0,0,0,1,0,1.375,1,0,0.0,1,0,0,2.0,0.0,1
0,33.0,9.54,1,0,0,0,0,0,0,0,0,0,0,0,0,0,0,0,0,0,0,0,0,0,0,1,0,0.085,1,0,0.0,0,0,0,33.0,0.0,1
0,220.0,5.5,1,0,0,0,0,0,0,0,0,0,0,0,0,1,0,0,0,0,0,0,0,0,0,1,0,0.125,1,0,0.0,1,0,0,81.0,0.0,1
1,80.0,4.0,1,0,0,0,1,0,0,0,0,0,0,0,0,0,0,0,0,0,0,0,0,0,0,0,0,0.25,1,0,0.0,1,0,0,54.0,0.0,1
1,24.0,5.5,1,0,0,0,0,0,0,0,0,0,0,1,0,0,0,0,0,0,0,0,0,0,0,1,0,0.5,1,0,0.0,0,0,0,25.0,0.0,1
0,71.0,8.46,0,1,0,1,0,0,0,0,0,0,0,0,0,0,0,0,1,0,0,0,0,0,0,1,0,2.46,0,0,0.0,0,0,0,56.0,0.0,1
1,41.0,0.375,1,0,0,0,0,0,0,0,0,0,0,0,0,1,0,0,0,0,0,0,0,0,0,1,0,2.0,1,1,2.0,1,0,0,25.0,0.0,1
1,66.0,11.0,1,0,0,0,0,1,0,0,0,0,0,0,0,0,0,0,0,0,0,0,0,0,0,1,0,0.665,1,0,0.0,0,0,0,33.0,0.0,1
1,98.0,3.5,1,0,0,0,0,1,0,0,0,0,0,0,0,0,0,0,0,0,0,0,0,0,0,1,0,0.625,1,1,7.0,0,0,0,2.0,7059.0,1
0,280.0,3.0,1,0,0,0,0,0,0,0,0,0,0,0,0,0,0,0,1,0,0,0,0,0,0,1,0,13.875,1,1,2.0,1,0,0,155.0,1704.0,1
1,183.0,1.75,1,0,0,0,0,0,0,0,0,0,0,0,0,0,0,0,1,0,0,1,0,0,0,0,0,4.5,1,1,4.0,1,0,0,89.0,857.0,1
1,125.0,13.75,1,0,0,0,0,0,0,0,0,0,0,0,0,0,0,1,0,0,0,0,0,0,0,1,0,5.75,1,0,0.0,1,0,0,150.0,500.0,1
0,328.0,21.0,1,0,0,0,0,0,0,0,0,1,0,0,0,0,0,0,0,0,0,0,0,0,0,0,0,10.0,1,1,13.0,0,0,0,2.0,6700.0,1
0,50.0,1.835,1,0,0,0,0,0,0,0,0,0,0,0,0,1,0,0,0,0,0,0,0,0,0,1,0,2.085,1,1,5.0,0,0,0,77.0,2503.0,1
1,110.0,0.25,1,0,0,0,0,0,0,0,0,1,0,0,0,0,0,0,0,0,0,0,0,0,0,0,0,0.0,1,0,0.0,1,0,0,2.0,0.0,1
1,57.0,7.5,1,0,0,0,0,0,0,0,0,0,0,0,0,0,0,0,0,0,0,0,0,0,0,1,0,1.415,1,1,1.0,0,0,0,25.0,9800.0,1
1,259.0,4.625,1,0,0,0,0,0,0,0,0,0,0,0,0,1,0,0,0,0,0,0,0,0,0,1,0,4.58,1,0,0.0,0,0,1,2.0,0.0,1
1,221.0,10.125,1,0,0,0,0,0,0,0,0,0,0,0,0,0,0,0,1,0,0,0,0,0,0,1,0,2.5,1,1,6.0,0,0,0,156.0,196.0,1
1,49.0,10.0,0,1,0,1,1,0,0,0,0,0,0,0,0,0,0,0,0,0,0,0,0,0,0,1,0,2.5,1,0,0.0,0,0,1,12.0,0.0,1
1,286.0,25.085,1,0,0,0,0,0,0,0,0,0,0,0,0,0,0,1,0,0,0,0,0,0,0,1,0,1.75,1,1,3.0,0,0,0,39.0,14.0,1
1,132.0,5.0,1,0,0,0,0,0,0,0,0,0,0,0,0,0,0,1,0,0,0,0,0,0,0,1,0,11.0,1,0,0.0,1,0,0,21.0,0.0,1
1,29.0,2.0,1,0,0,0,0,0,0,0,0,1,0,0,0,0,0,0,0,0,0,0,0,0,0,1,0,1.5,1,1,2.0,0,0,0,39.0,300.0,1
1,181.0,3.04,0,1,0,1,1,0,0,0,0,0,0,0,0,0,0,0,0,0,0,1,0,0,0,0,0,2.04,1,1,1.0,1,0,0,64.0,18027.0,1
1,269.0,8.5,1,0,0,0,0,1,0,0,0,0,0,0,0,0,0,0,0,0,0,1,0,0,0,0,0,14.0,1,1,1.0,1,0,0,27.0,2000.0,1
0,41.0,0.21,1,0,0,0,0,0,0,0,0,0,0,0,0,1,0,0,0,0,0,1,0,0,0,0,0,0.29,1,1,11.0,0,0,0,25.0,99.0,1
1,63.0,11.0,1,0,0,0,0,0,0,0,0,0,0,0,0,0,0,0,1,0,0,0,0,0,0,1,0,0.29,1,1,6.0,0,0,0,40.0,0.0,1
1,240.0,21.5,1,0,0,0,0,0,0,1,0,0,0,0,0,0,0,0,0,0,0,0,0,0,0,0,1,20.0,1,1,11.0,0,0,0,2.0,1200.0,1
1,248.0,5.0,1,0,0,0,0,0,0,0,0,0,0,0,0,1,0,0,0,0,0,1,0,0,0,0,0,5.0,1,1,6.0,1,0,0,148.0,0.0,1
0,21.0,11.0,1,0,0,0,0,0,0,0,0,0,0,0,0,0,0,0,1,0,0,1,0,0,0,0,0,1.0,1,1,11.0,0,0,0,2.0,3000.0,1
1,79.0,11.125,1,0,0,0,0,0,0,0,0,0,0,0,0,0,0,0,1,0,0,1,0,0,0,0,0,0.46,1,1,1.0,0,0,0,33.0,0.0,1
1,25.0,10.25,1,0,0,0,1,0,0,0,0,0,0,0,0,0,0,0,0,0,0,1,0,0,0,0,0,1.085,0,0,0.0,0,0,0,107.0,13.0,0
1,43.0,11.045,1,0,0,0,1,0,0,0,0,0,0,0,0,0,0,0,0,0,0,0,0,0,0,1,0,2.0,0,0,0.0,1,0,0,45.0,0.0,0
1,43.0,0.0,1,0,0,0,0,0,1,0,0,0,0,0,0,0,0,0,0,0,0,0,0,0,0,1,0,0.5,0,0,0.0,0,0,0,48.0,0.0,0
0,51.0,9.54,1,0,0,0,0,0,0,0,0,1,0,0,0,0,0,0,0,0,0,0,0,0,0,1,0,0.04,0,0,0.0,0,0,0,69.0,1000.0,0
0,91.0,1.75,0,1,0,1,1,0,0,0,0,0,0,0,0,0,0,0,0,0,0,0,0,0,0,1,0,0.165,0,0,0.0,0,0,0,44.0,0.0,0
1,176.0,2.335,1,0,0,0,0,0,1,0,0,0,0,0,0,0,0,0,0,0,0,1,0,0,0,0,0,5.75,0,0,0.0,1,0,0,101.0,0.0,0
0,304.0,0.0,0,1,0,1,0,0,0,0,1,0,0,0,0,0,0,0,0,0,1,0,0,0,0,0,0,0.0,0,0,0.0,0,0,0,2.0,0.0,0
0,285.0,1.335,1,0,0,0,0,0,0,0,0,1,0,0,0,0,0,0,0,0,0,0,0,0,1,0,0,0.335,0,0,0.0,0,0,0,2.0,120.0,0
0,48.0,10.5,0,1,0,1,0,0,0,0,0,0,0,0,0,0,0,0,1,0,0,1,0,0,0,0,0,0.0,0,0,0.0,1,0,0,52.0,32.0,0
1,298.0,0.585,1,0,0,0,0,0,0,0,1,0,0,0,0,0,0,0,0,0,1,0,0,0,0,0,0,0.0,0,0,0.0,0,0,0,49.0,0.0,0
1,14.0,0.085,0,1,0,1,1,0,0,0,0,0,0,0,0,0,0,0,0,0,0,0,0,0,0,1,0,0.04,0,0,0.0,0,0,0,46.0,722.0,0
1,27.0,1.21,0,1,0,1,0,0,0,1,0,0,0,0,0,0,0,0,0,1,0,0,0,0,0,0,0,0.0,0,0,0.0,0,0,0,33.0,0.0,0
0,169.0,6.0,1,0,0,0,0,0,1,0,0,0,0,0,0,0,0,0,0,0,0,0,0,0,0,1,0,1.25,0,0,0.0,0,0,0,95.0,0.0,0
1,332.0,1.54,1,0,0,0,0,0,0,0,0,0,0,0,0,1,0,0,0,0,0,0,0,0,0,1,0,0.125,1,0,0.0,1,0,0,92.0,0.0,1
1,23.0,0.165,1,0,0,0,0,0,0,0,0,0,0,0,0,1,0,0,0,0,0,0,0,1,0,0,0,0.21,0,0,0.0,0,0,0,69.0,40.0,1
1,173.0,2.5,1,0,0,0,1,0,0,0,0,0,0,0,0,0,0,0,0,0,0,0,0,0,0,1,0,1.25,0,0,0.0,1,0,0,98.0,0.0,0
1,24.0,6.75,0,1,0,1,0,0,0,0,0,0,0,0,1,0,0,0,0,0,0,0,0,0,0,1,0,0.04,0,0,0.0,0,0,0,46.0,0.0,0
1,222.0,10.125,0,1,0,1,0,0,0,0,0,0,0,1,0,0,0,0,0,0,0,0,0,0,0,1,0,0.125,0,0,0.0,0,0,0,54.0,0.0,0
1,156.0,2.5,1,0,0,0,0,1,0,0,0,0,0,0,0,0,0,0,0,0,0,1,0,0,0,0,0,2.25,0,0,0.0,1,0,1,111.0,0.0,0
1,30.0,5.71,1,0,0,0,0,0,1,0,0,0,0,0,0,0,0,0,0,0,0,0,0,0,0,1,0,0.54,0,0,0.0,0,0,0,39.0,0.0,0
0,36.0,5.415,1,0,0,0,0,0,0,0,0,1,0,0,0,0,0,0,0,0,0,1,0,0,0,0,0,0.29,0,0,0.0,0,0,0,25.0,484.0,0
0,25.0,10.0,0,1,0,1,0,0,0,0,0,0,0,0,0,1,0,0,0,0,0,1,0,0,0,0,0,0.165,0,0,0.0,0,0,0,111.0,0.0,0
1,10.0,0.835,1,0,0,0,0,0,0,0,0,0,0,0,1,0,0,0,0,0,0,0,0,0,0,1,0,0.085,1,0,0.0,0,0,1,69.0,0.0,0
1,55.0,0.875,0,1,0,1,1,0,0,0,0,0,0,0,0,0,0,0,0,0,0,1,0,0,0,0,0,0.25,0,0,0.0,0,0,0,98.0,204.0,0
1,86.0,0.585,0,1,0,1,0,1,0,0,0,0,0,0,0,0,0,0,0,0,0,1,0,0,0,0,0,0.125,0,0,0.0,0,0,0,86.0,1.0,0
1,20.0,4.46,1,0,0,0,1,0,0,0,0,0,0,0,0,0,0,0,0,0,0,0,0,0,0,1,0,0.25,0,0,0.0,0,0,1,25.0,0.0,0
0,12.0,1.25,1,0,0,0,0,0,0,0,0,0,0,0,0,1,0,0,0,0,0,0,0,0,0,1,0,0.25,0,1,1.0,0,0,0,35.0,98.0,0
1,80.0,12.625,1,0,0,0,1,0,0,0,0,0,0,0,0,0,0,0,0,0,0,0,0,0,0,1,0,0.125,0,1,2.0,0,0,0,2.0,5552.0,0
1,19.0,10.0,1,0,0,0,0,0,0,0,0,0,0,0,0,0,0,1,0,0,0,1,0,0,0,0,0,0.165,0,1,1.0,0,0,0,39.0,1.0,0
1,142.0,0.58,1,0,0,0,0,0,0,0,0,0,0,0,0,0,0,1,0,0,0,0,0,0,0,1,0,0.29,0,1,1.0,0,0,0,111.0,2803.0,0
1,33.0,0.415,0,1,0,1,1,0,0,0,0,0,0,0,0,0,0,0,0,0,0,0,0,0,0,1,0,0.165,0,1,1.0,0,0,0,69.0,1.0,0
0,62.0,1.75,0,1,0,1,0,0,0,0,0,0,1,0,0,0,0,0,0,0,0,0,1,0,0,0,0,0.0,0,0,0.0,0,0,0,54.0,0.0,0
1,77.0,0.75,1,0,0,0,0,0,0,0,0,0,0,0,1,0,0,0,0,0,0,0,0,0,0,1,0,0.5,0,0,0.0,1,0,1,107.0,0.0,0
0,26.0,10.0,1,0,0,0,0,0,0,0,0,0,0,0,0,0,0,1,0,0,0,0,0,0,0,1,0,1.0,0,1,1.0,0,0,0,39.0,1.0,0
1,101.0,0.54,1,0,0,0,0,0,0,0,0,0,0,0,0,0,0,1,0,0,0,0,0,0,0,1,0,0.165,0,1,1.0,0,0,0,95.0,444.0,0
1,204.0,2.415,1,0,0,0,0,0,0,0,0,0,0,0,0,0,0,1,0,0,0,0,0,0,0,1,0,0.125,0,1,2.0,0,0,0,77.0,1.0,0
0,8.0,0.335,1,0,0,0,0,0,0,0,1,0,0,0,0,0,0,0,0,0,1,0,0,0,0,0,0,0.0,0,1,1.0,0,0,0,54.0,126.0,0
0,168.0,3.125,1,0,0,0,0,0,0,0,1,0,0,0,0,0,0,0,0,0,1,0,0,0,0,0,0,3.04,0,1,2.0,1,0,0,69.0,4.0,0
1,344.0,9.0,1,0,0,0,0,0,0,0,1,0,0,0,0,0,0,0,0,0,1,0,0,0,0,0,0,4.0,0,1,1.0,0,0,0,21.0,6.0,0
1,178.0,2.5,1,0,0,0,0,0,0,0,0,0,0,0,0,0,0,0,0,0,0,0,0,0,0,1,0,1.75,0,1,2.0,1,0,0,165.0,0.0,0
1,11.0,2.75,1,0,0,0,0,0,0,0,0,0,0,0,0,0,0,0,0,0,0,0,0,0,0,1,0,0.665,0,1,1.0,0,0,0,25.0,21.0,0
1,67.0,12.125,1,0,0,0,1,0,0,0,0,0,0,0,0,0,0,0,0,0,0,0,0,0,0,1,0,3.335,0,1,2.0,1,0,0,64.0,173.0,0
0,325.0,2.0,1,0,0,0,0,0,0,0,1,0,0,0,0,0,0,0,0,0,1,0,0,0,0,0,0,6.5,0,1,1.0,0,0,0,2.0,10.0,0
1,26.0,0.165,1,0,0,0,0,0,1,0,0,0,0,0,0,0,0,0,0,0,0,0,0,0,0,1,0,0.25,0,0,0.0,1,0,1,98.0,0.0,0
1,82.0,1.0,1,0,0,0,1,0,0,0,0,0,0,0,0,0,0,0,0,0,0,0,0,0,0,1,0,0.5,0,0,0.0,1,0,1,98.0,0.0,0
0,6.0,2.875,1,0,0,0,0,0,0,0,0,0,0,0,0,1,0,0,0,0,0,0,0,0,0,1,0,0.085,0,0,0.0,0,0,0,39.0,0.0,0
0,93.0,13.665,1,0,0,0,0,0,0,0,0,0,0,0,0,1,0,0,0,0,0,1,0,0,0,0,0,1.5,0,0,0.0,0,0,0,98.0,1.0,0
1,290.0,26.335,0,1,0,1,0,0,0,0,1,0,0,0,0,0,0,0,0,0,1,0,0,0,0,0,0,0.0,1,0,0.0,1,0,0,2.0,0.0,0
1,83.0,2.75,1,0,0,0,0,0,0,0,1,0,0,0,0,0,0,0,0,0,1,0,0,0,0,0,0,4.5,0,0,0.0,0,0,0,54.0,25.0,0
1,30.0,10.29,1,0,0,0,0,0,0,0,1,0,0,0,0,0,0,0,0,0,1,0,0,0,0,0,0,0.415,0,0,0.0,0,0,0,25.0,0.0,0
1,126.0,1.29,1,0,0,0,0,0,0,0,0,0,0,1,0,0,0,0,0,0,0,1,0,0,0,0,0,0.25,0,0,0.0,1,0,1,46.0,0.0,0
0,166.0,3.0,0,1,0,1,0,0,0,0,0,0,1,0,0,0,0,0,0,0,0,0,1,0,0,0,0,0.0,0,0,0.0,0,0,0,54.0,20.0,0
0,94.0,4.5,1,0,0,0,0,0,0,0,0,0,0,0,0,0,0,1,0,0,0,0,0,0,0,1,0,1.0,0,0,0.0,1,0,0,117.0,6.0,0
1,35.0,1.75,0,1,0,1,1,0,0,0,0,0,0,0,0,0,0,0,0,0,0,0,0,0,0,1,0,2.335,0,0,0.0,1,0,0,37.0,6.0,0
0,11.0,0.21,1,0,0,0,0,0,0,0,0,0,0,0,0,0,0,0,0,0,0,0,0,0,0,1,0,0.125,0,0,0.0,0,0,0,69.0,1.0,0
0,30.0,10.0,1,0,0,0,0,0,1,0,0,0,0,0,0,0,0,0,0,0,0,0,0,0,0,1,0,0.415,0,0,0.0,0,0,0,25.0,42.0,0
1,10.0,0.0,0,1,0,1,0,0,0,0,0,0,0,0,0,0,0,0,0,0,0,0,0,0,0,1,0,0.25,0,0,0.0,0,0,0,19.0,0.0,0
1,77.0,0.75,1,0,0,0,0,0,0,0,0,0,0,0,1,0,0,0,0,0,0,0,0,0,0,1,0,0.5,1,0,0.0,1,0,1,107.0,0.0,0
1,55.0,0.25,0,1,0,1,1,0,0,0,0,0,0,0,0,0,0,0,0,0,0,1,0,0,0,0,0,0.25,0,0,0.0,0,0,0,98.0,204.0,0
1,18.0,22.0,0,0,1,0,0,0,0,0,1,0,0,0,0,0,0,0,0,0,0,0,0,0,1,0,0,0.0,0,0,0.0,1,1,0,143.0,100000.0,1
1,36.0,0.0,0,1,0,1,0,0,0,0,0,0,0,0,1,0,0,0,0,0,0,0,0,0,0,0,0,0.0,0,0,0.0,1,0,1,152.0,1.0,1
1,214.0,0.125,0,1,0,1,1,0,0,0,0,0,0,0,0,0,0,0,0,0,0,0,0,0,0,1,0,1.5,0,0,0.0,1,0,0,84.0,113.0,1
1,56.0,1.5,1,0,0,0,0,0,0,0,0,0,0,0,0,0,0,1,0,0,0,0,0,0,0,1,0,1.5,0,0,0.0,0,0,0,50.0,8.0,1
0,24.0,0.375,0,0,1,0,0,1,0,0,0,0,0,0,0,0,0,0,0,0,1,0,0,0,0,0,0,10.0,0,0,0.0,1,0,1,102.0,0.0,1
0,185.0,0.375,1,0,0,0,0,1,0,0,0,0,0,0,0,0,0,0,0,0,0,0,0,0,0,1,0,0.375,0,0,0.0,0,0,0,102.0,44.0,1
1,289.0,0.205,0,1,0,1,0,0,0,0,0,0,0,1,0,0,0,0,0,0,0,0,0,0,0,1,0,0.25,1,1,11.0,0,0,0,124.0,2732.0,1
1,185.0,1.25,1,0,0,0,0,0,0,0,0,0,0,0,0,0,0,1,0,0,0,0,0,0,0,1,0,1.165,0,0,0.0,0,0,0,39.0,0.0,0
0,142.0,1.085,0,1,0,1,0,0,0,0,0,0,0,0,0,0,0,0,1,0,0,0,0,0,0,1,0,1.0,0,0,0.0,0,0,0,98.0,13.0,0
1,150.0,1.085,0,1,0,1,1,0,0,0,0,0,0,0,0,0,0,0,0,0,0,0,0,0,0,1,0,0.04,0,0,0.0,0,0,0,59.0,179.0,0
1,197.0,2.5,0,1,0,1,0,0,0,0,0,0,0,0,0,0,0,1,0,0,0,0,0,0,0,1,0,3.0,0,0,0.0,0,0,1,69.0,0.0,0
0,182.0,2.5,0,1,0,1,1,0,0,0,0,0,0,0,0,0,0,0,0,0,0,0,0,0,0,1,0,2.5,0,0,0.0,1,0,0,2.0,2.0,0
1,189.0,2.5,1,0,0,0,1,0,0,0,0,0,0,0,0,0,0,0,0,0,0,0,0,0,0,1,0,1.0,0,0,0.0,0,0,0,146.0,16.0,0
0,99.0,12.5,1,0,0,0,0,0,1,0,0,0,0,0,0,0,0,0,0,0,0,0,0,0,0,1,0,1.0,0,0,0.0,1,0,0,64.0,1062.0,0
1,196.0,2.5,1,0,0,0,0,1,0,0,0,0,0,0,0,0,0,0,0,0,0,0,0,0,0,0,0,0.5,0,0,0.0,0,0,0,112.0,0.0,0
1,125.0,0.75,1,0,0,0,0,0,0,0,0,0,0,0,0,1,0,0,0,0,0,1,0,0,0,0,0,0.165,0,0,0.0,1,0,0,77.0,251.0,0
1,279.0,6.5,1,0,0,0,1,0,0,0,0,0,0,0,0,0,0,0,0,0,0,0,0,0,0,1,0,1.0,0,0,0.0,1,0,0,2.0,228.0,0
0,197.0,1.25,0,1,0,1,0,0,0,0,0,1,0,0,0,0,0,0,0,0,0,1,0,0,0,0,0,0.5,0,0,0.0,1,0,0,54.0,0.0,0
0,182.0,3.0,0,1,0,1,0,0,0,0,0,0,0,0,0,0,0,0,0,0,0,0,0,0,0,1,0,2.0,0,0,0.0,0,0,0,64.0,0.0,0
1,128.0,3.0,1,0,0,0,0,0,0,0,0,0,0,0,0,0,0,1,0,0,0,0,0,0,0,1,0,0.75,0,0,0.0,1,0,0,102.0,67.0,0
0,230.0,4.0,1,0,0,0,1,0,0,0,0,0,0,0,0,0,0,0,0,0,0,0,0,0,0,1,0,3.0,0,0,0.0,0,0,0,149.0,0.0,0
1,258.0,4.085,1,0,0,0,0,0,0,0,0,0,0,0,0,0,0,0,0,0,0,0,0,0,0,1,0,0.04,0,0,0.0,0,0,0,35.0,100.0,0
1,118.0,2.25,1,0,0,0,0,0,0,0,0,1,0,0,0,0,0,0,0,0,0,0,0,0,0,0,0,0.5,0,0,0.0,1,0,0,162.0,4000.0,0
1,186.0,2.75,1,0,0,0,0,0,0,0,0,1,0,0,0,0,0,0,0,0,0,0,0,0,0,0,0,0.0,0,0,0.0,0,0,0,64.0,0.0,0
1,228.0,1.75,1,0,0,0,0,0,0,0,0,0,0,1,0,0,0,0,0,0,0,0,0,0,0,1,0,0.5,0,0,0.0,1,0,0,102.0,2.0,0
1,337.0,7.0,1,0,0,0,0,0,0,1,0,0,0,0,0,0,0,0,0,0,0,0,0,0,0,0,1,0.0,0,0,0.0,0,0,0,2.0,12.0,0
1,116.0,4.5,0,1,0,1,1,0,0,0,0,0,0,0,0,0,0,0,0,0,0,0,0,0,0,0,0,2.5,0,0,0.0,0,0,0,69.0,1210.0,0
1,338.0,0.54,1,0,0,0,1,0,0,0,0,0,0,0,0,0,0,0,0,0,0,0,0,0,0,1,0,0.585,1,1,3.0,1,0,0,64.0,0.0,0
1,127.0,1.5,1,0,0,0,0,0,0,0,0,0,0,0,0,0,0,1,0,0,0,0,0,0,0,1,0,2.25,0,1,1.0,1,0,0,33.0,3.0,0
0,110.0,2.0,1,0,0,0,0,0,0,0,0,0,1,0,0,0,0,0,0,0,0,0,1,0,0,0,0,0.0,0,0,0.0,1,0,0,97.0,1.0,0
1,67.0,0.585,0,1,0,1,0,0,0,0,1,0,0,0,0,0,0,0,0,0,1,0,0,0,0,0,0,0.0,0,0,0.0,0,0,0,33.0,0.0,0
1,71.0,11.5,0,1,0,1,0,0,0,0,0,0,0,0,1,0,0,0,0,0,0,0,0,0,0,1,0,1.5,0,0,0.0,1,0,0,2.0,4000.0,0
1,157.0,1.585,1,0,0,0,0,0,1,0,0,0,0,0,0,0,0,0,0,0,0,0,0,0,0,1,0,0.585,0,0,0.0,1,0,1,2.0,0.0,0
1,213.0,2.0,1,0,0,0,0,0,0,0,0,1,0,0,0,0,0,0,0,0,0,0,0,0,0,1,0,0.25,0,0,0.0,1,0,0,78.0,0.0,0
0,7.0,0.165,1,0,0,0,0,0,0,0,0,0,0,0,0,0,0,0,0,0,0,0,0,0,0,1,0,1.0,0,1,2.0,1,0,0,107.0,1.0,0
1,246.0,1.335,1,0,0,0,0,0,1,0,0,0,0,0,0,0,0,0,0,0,0,0,0,0,0,1,0,0.165,0,0,0.0,0,0,0,58.0,0.0,0
0,39.0,0.165,1,0,0,0,0,0,0,0,0,0,0,0,0,1,0,0,0,0,0,0,0,0,0,1,0,0.04,0,0,0.0,1,0,0,124.0,0.0,0
1,174.0,3.0,1,0,0,0,0,0,1,0,0,0,0,0,0,0,0,0,0,0,0,0,0,0,0,1,0,0.165,0,0,0.0,1,0,0,39.0,0.0,0
0,214.0,4.71,1,0,0,0,0,0,0,0,1,0,0,0,0,0,0,0,0,0,1,0,0,0,0,0,0,0.0,0,0,0.0,0,0,0,54.0,0.0,0
0,151.0,5.5,1,0,0,0,0,0,0,0,0,0,0,1,0,0,0,0,0,0,0,0,0,0,0,1,0,5.5,0,0,0.0,1,0,1,33.0,0.0,0
1,78.0,2.5,1,0,0,0,0,0,0,0,1,0,0,0,0,0,0,0,0,0,1,0,0,0,0,0,0,0.085,0,0,0.0,1,0,0,33.0,4208.0,0
1,117.0,0.54,1,0,0,0,0,0,0,0,0,0,0,1,0,0,0,0,0,0,1,0,0,0,0,0,0,0.0,0,0,0.0,0,0,0,33.0,0.0,0
1,13.0,0.335,0,1,0,1,0,0,0,0,0,0,0,1,0,0,0,0,0,0,0,0,0,0,0,1,0,0.29,0,0,0.0,0,0,1,69.0,0.0,0
1,90.0,2.0,1,0,0,0,0,0,0,1,0,0,0,0,0,0,0,0,0,1,0,0,0,0,0,0,0,0.165,0,1,2.0,0,0,0,107.0,1300.0,0
1,259.0,1.25,1,0,0,0,0,0,0,0,0,0,0,0,1,0,0,0,0,0,0,0,0,0,0,1,0,13.875,0,1,1.0,1,0,0,115.0,112.0,0
0,74.0,6.165,1,0,0,0,0,0,0,0,0,0,0,0,0,0,0,0,0,0,0,0,0,0,0,1,0,0.165,0,0,0.0,0,0,0,77.0,1000.0,0
1,234.0,1.71,0,1,0,1,0,0,0,0,0,0,0,0,1,0,0,0,0,0,0,0,0,0,0,1,0,0.165,0,0,0.0,0,0,1,131.0,0.0,0
0,84.0,11.5,0,1,0,1,0,0,0,0,0,0,0,1,0,0,0,0,0,0,0,1,0,0,0,0,0,3.0,0,0,0.0,1,0,0,4.0,16.0,0
1,58.0,0.75,0,1,0,1,0,0,0,0,0,0,0,0,0,0,1,0,0,0,0,0,0,1,0,0,0,0.75,0,0,0.0,1,0,0,44.0,2.0,0
1,179.0,2.5,0,1,0,1,0,0,0,0,0,0,0,0,0,0,0,1,0,0,0,0,0,0,0,1,0,7.0,0,0,0.0,1,0,0,98.0,0.0,0
1,112.0,13.0,1,0,0,0,0,0,0,1,0,0,0,0,0,0,0,0,0,1,0,0,0,0,0,0,0,0.0,0,0,0.0,1,0,0,46.0,1110.0,0
0,269.0,4.585,1,0,0,0,0,0,0,0,0,0,0,1,0,0,0,0,0,0,0,1,0,0,0,0,0,1.0,0,0,0.0,1,0,1,86.0,0.0,0
1,111.0,1.54,1,0,0,0,0,0,0,0,0,0,0,0,0,0,0,1,0,0,0,0,0,0,0,1,0,0.125,0,0,0.0,0,0,0,33.0,0.0,0
0,52.0,0.5,0,1,0,1,0,0,0,1,0,0,0,0,0,0,0,0,0,1,0,0,0,0,0,0,0,1.0,0,0,0.0,0,0,0,92.0,0.0,0
1,136.0,14.5,1,0,0,0,0,0,1,0,0,0,0,0,0,0,0,0,0,0,0,0,0,0,0,1,0,0.125,0,0,0.0,0,0,0,2.0,286.0,0
1,50.0,0.835,0,1,0,1,1,0,0,0,0,0,0,0,0,0,0,0,0,0,0,0,0,0,0,1,0,2.0,0,0,0.0,1,0,1,86.0,0.0,0
1,192.0,1.335,1,0,0,0,0,0,0,0,0,1,0,0,0,0,0,0,0,0,0,0,0,0,0,0,0,0.125,0,0,0.0,1,0,0,141.0,4500.0,0
1,184.0,0.25,1,0,0,0,0,0,0,0,0,1,0,0,0,0,0,0,0,0,0,0,0,0,0,0,0,4.0,0,0,0.0,1,0,1,136.0,0.0,0
1,262.0,5.0,1,0,0,0,0,0,0,0,0,1,0,0,0,0,0,0,0,0,0,0,0,0,0,0,0,2.25,0,0,0.0,1,0,0,47.0,0.0,0
0,73.0,7.0,1,0,0,0,1,0,0,0,0,0,0,0,0,0,0,0,0,0,0,0,0,0,0,1,0,0.165,0,0,0.0,0,0,0,54.0,0.0,0
0,89.0,2.5,0,1,0,1,0,0,0,0,0,1,0,0,0,0,0,0,0,0,0,0,0,0,0,0,0,4.5,0,0,0.0,0,0,0,69.0,456.0,0
0,322.0,4.25,0,1,0,1,0,0,0,0,1,0,0,0,0,0,0,0,0,0,1,0,0,0,0,0,0,5.0,0,0,0.0,1,0,0,2.0,4.0,0
1,66.0,11.46,1,0,0,0,0,0,0,0,0,0,0,1,0,0,0,0,0,0,0,0,0,0,0,1,0,1.585,0,0,0.0,1,0,0,33.0,1212.0,0
1,188.0,5.5,0,1,0,1,1,0,0,0,0,0,0,0,0,0,0,0,0,0,0,0,0,0,0,1,0,1.5,0,0,0.0,1,0,0,19.0,0.0,0
1,72.0,1.5,0,1,0,1,0,0,0,0,0,0,0,0,0,0,0,0,0,0,0,0,0,0,0,1,0,0.54,0,0,0.0,1,0,0,39.0,67.0,0
1,55.0,0.0,1,0,0,0,1,0,0,0,0,0,0,0,0,0,0,0,0,0,0,0,0,0,0,1,0,0.5,0,0,0.0,1,0,1,2.0,0.0,0
1,115.0,14.585,1,0,0,0,0,0,0,0,0,1,0,0,0,0,0,0,0,0,0,0,0,0,0,0,0,0.0,0,0,0.0,1,0,0,63.0,0.0,0
1,76.0,0.17,1,0,0,0,0,0,0,0,0,0,0,0,1,0,0,0,0,0,0,0,0,0,0,1,0,0.085,0,0,0.0,0,0,1,2.0,0.0,0
1,3.0,7.0,1,0,0,0,0,0,0,1,0,0,0,0,0,0,0,0,0,0,0,0,0,0,0,1,0,1.0,0,0,0.0,0,0,0,161.0,0.0,0
1,238.0,5.0,1,0,0,0,0,0,0,0,0,1,0,0,0,0,0,0,0,0,0,0,0,0,0,0,0,0.21,0,0,0.0,0,0,0,158.0,0.0,0
1,123.0,12.5,1,0,0,0,0,0,0,0,0,0,0,0,0,0,0,0,0,0,0,0,0,0,0,0,0,0.25,0,0,0.0,1,0,0,165.0,0.0,0
1,93.0,0.54,1,0,0,0,0,0,0,0,0,0,0,0,1,0,0,0,0,0,0,0,0,0,0,1,0,1.0,0,0,0.0,1,0,0,39.0,1.0,0
1,246.0,1.25,0,1,0,1,0,0,0,0,0,0,0,0,0,0,0,1,0,0,0,0,0,0,0,1,0,0.25,0,0,0.0,0,0,0,2.0,195.0,0
0,180.0,1.625,1,0,0,0,0,0,1,0,0,0,0,0,0,0,0,0,0,0,0,0,0,0,0,1,0,0.54,0,0,0.0,1,0,0,2.0,0.0,0
1,146.0,2.04,0,1,0,1,0,0,0,0,0,0,0,0,0,0,0,0,1,0,0,1,0,0,0,0,0,0.04,0,0,0.0,0,0,0,41.0,1.0,0
0,84.0,0.585,0,1,0,1,0,0,0,0,1,0,0,0,0,0,0,0,0,0,1,0,0,0,0,0,0,0.125,0,0,0.0,0,0,0,39.0,87.0,0
1,110.0,12.5,0,1,0,1,0,0,0,0,0,0,0,1,0,0,0,0,0,0,0,1,0,0,0,0,0,1.25,0,0,0.0,1,0,0,2.0,17.0,0
1,159.0,2.085,1,0,0,0,1,0,0,0,0,0,0,0,0,0,0,0,0,0,0,0,0,0,0,1,0,0.085,0,0,0.0,0,0,0,102.0,0.0,0
1,51.0,5.085,0,1,0,1,0,0,0,0,0,0,1,0,0,0,0,0,0,0,0,0,0,0,0,1,0,0.29,0,0,0.0,0,0,0,46.0,184.0,0
1,138.0,0.375,1,0,0,0,1,0,0,0,0,0,0,0,0,0,0,0,0,0,0,0,0,0,0,1,0,0.29,0,0,0.0,0,0,0,77.0,140.0,0
0,303.0,6.5,1,0,0,0,0,0,0,0,0,1,0,0,0,0,0,0,0,0,0,0,0,0,0,0,0,3.085,0,0,0.0,1,0,0,22.0,0.0,0
0,73.0,0.335,1,0,0,0,0,0,0,0,0,0,0,0,0,1,0,0,0,0,0,0,0,0,0,1,0,0.75,0,0,0.0,0,0,1,54.0,0.0,0
1,188.0,5.085,0,1,0,1,0,0,0,0,0,1,0,0,0,0,0,0,0,0,0,0,0,0,0,0,0,1.085,0,0,0.0,1,0,0,149.0,0.0,0
0,345.0,6.0,1,0,0,0,0,0,0,0,1,0,0,0,0,0,0,0,0,0,1,0,0,0,0,0,0,0.0,0,0,0.0,0,0,1,2.0,0.0,0
0,40.0,0.665,0,1,0,1,1,0,0,0,0,0,0,0,0,0,0,0,0,0,0,0,0,0,0,1,0,1.0,0,1,1.0,0,0,0,171.0,2.0,0
1,7.0,3.125,1,0,0,0,0,0,0,0,0,0,0,0,0,0,0,1,0,0,0,0,0,0,0,1,0,0.085,0,1,1.0,0,0,0,2.0,6.0,0
1,14.0,0.25,1,0,0,0,0,0,0,0,0,0,0,0,0,1,0,0,0,0,0,0,0,0,0,1,0,0.335,0,1,4.0,0,0,0,54.0,8.0,0
1,161.0,2.835,1,0,0,0,0,0,0,0,1,0,0,0,0,0,0,0,0,0,1,0,0,0,0,0,0,0.0,0,1,5.0,0,0,0,62.0,146.0,0
1,98.0,3.0,1,0,0,0,1,0,0,0,0,0,0,0,0,0,0,0,0,0,0,0,0,0,0,1,0,1.25,0,1,1.0,0,0,0,2.0,22.0,0
0,73.0,0.79,1,0,0,0,0,0,0,0,0,1,0,0,0,0,0,0,0,0,0,0,0,0,0,1,0,0.085,0,0,0.0,0,0,0,48.0,0.0,0
1,242.0,1.5,1,0,0,0,0,0,0,0,0,1,0,0,0,0,0,0,0,0,0,0,0,0,0,0,0,0.0,0,0,0.0,0,0,1,102.0,0.0,0
1,68.0,0.46,1,0,0,0,0,0,0,0,0,0,0,1,0,0,0,0,0,0,0,0,0,0,0,1,0,0.125,0,0,0.0,1,0,0,98.0,55.0,0
0,68.0,1.25,0,1,0,1,0,0,0,0,1,0,0,0,0,0,0,0,0,0,1,0,0,0,0,0,0,3.25,0,0,0.0,0,0,0,98.0,0.0,0
1,71.0,0.125,0,1,0,1,0,0,0,0,0,0,0,1,0,0,0,0,0,0,0,0,0,0,0,1,0,0.125,0,0,0.0,0,0,0,69.0,70.0,0
1,84.0,1.79,1,0,0,0,1,0,0,0,0,0,0,0,0,0,0,0,0,0,0,0,0,0,0,1,0,0.54,0,0,0.0,1,0,0,45.0,1.0,0
1,224.0,0.705,1,0,0,0,1,0,0,0,0,0,0,0,0,0,0,0,0,0,0,0,0,0,0,1,0,0.375,0,1,2.0,0,0,0,80.0,500.0,0
0,114.0,2.54,0,1,0,1,0,0,0,0,1,0,0,0,0,0,0,0,0,0,1,0,0,0,0,0,0,0.0,0,0,0.0,1,0,0,64.0,60.0,0
1,199.0,2.5,1,0,0,0,0,0,0,0,0,1,0,0,0,0,0,0,0,0,0,0,0,0,0,1,0,1.0,0,0,0.0,1,0,0,73.0,0.0,0
1,48.0,1.085,1,0,0,0,0,0,0,0,0,0,0,0,0,1,0,0,0,0,0,0,0,0,0,1,0,1.5,0,0,0.0,0,0,0,35.0,7.0,0
1,141.0,1.25,1,0,0,0,0,0,0,0,0,0,0,0,0,0,0,1,0,0,0,0,0,0,0,1,0,1.75,0,0,0.0,0,0,0,69.0,0.0,0
1,110.0,0.835,1,0,0,0,0,1,0,0,0,0,0,0,0,0,0,0,0,0,0,0,0,0,0,1,0,1.165,0,0,0.0,0,0,0,33.0,0.0,0
1,185.0,2.165,1,0,0,0,1,0,0,0,0,0,0,0,0,0,0,0,0,0,0,0,0,0,0,1,0,1.5,0,0,0.0,0,1,0,39.0,0.0,0
1,92.0,1.25,1,0,0,0,1,0,0,0,0,0,0,0,0,0,0,0,0,0,0,0,0,0,0,1,0,0.25,0,0,0.0,0,0,0,36.0,0.0,0
0,125.0,2.04,1,0,0,0,0,0,0,0,0,0,0,0,0,0,0,1,0,0,0,0,0,0,0,1,0,0.25,0,0,0.0,1,0,0,64.0,50.0,0
1,218.0,0.835,1,0,0,0,0,0,0,1,0,0,0,0,0,0,0,0,0,0,0,0,0,0,0,1,0,0.04,0,0,0.0,0,0,0,39.0,5.0,0
1,292.0,2.29,1,0,0,0,0,0,0,0,1,0,0,0,0,0,0,0,0,0,1,0,0,0,0,0,0,0.29,0,0,0.0,0,0,0,69.0,3.0,0
1,184.0,0.335,0,1,0,1,0,1,0,0,0,0,0,0,0,0,0,0,0,0,0,0,0,0,0,1,0,0.085,0,0,0.0,0,0,0,64.0,0.0,0
1,302.0,3.0,0,1,0,1,0,0,0,0,1,0,0,0,0,0,0,0,0,0,1,0,0,0,0,0,0,1.5,0,0,0.0,0,0,0,64.0,4.0,0
1,76.0,3.165,0,1,0,1,1,0,0,0,0,0,0,0,0,0,0,0,0,0,0,0,0,0,0,1,0,0.165,0,0,0.0,0,0,0,54.0,1058.0,0
1,63.0,1.54,1,0,0,0,0,0,0,0,0,0,0,1,0,0,0,0,0,0,0,0,0,0,0,1,0,0.085,0,0,0.0,1,0,0,116.0,0.0,0
1,99.0,1.0,1,0,0,0,0,0,0,0,0,0,0,0,0,0,0,0,0,0,0,0,0,0,0,1,0,0.5,0,0,0.0,0,0,0,69.0,0.0,0
1,329.0,2.71,1,0,0,0,1,0,0,0,0,0,0,0,0,0,0,0,0,0,0,0,0,0,0,1,0,2.415,0,0,0.0,1,0,0,107.0,0.0,0
1,35.0,0.0,0,1,0,1,0,0,0,0,1,0,0,0,0,0,0,0,0,0,1,0,0,0,0,0,0,0.0,0,1,4.0,0,0,0,14.0,1.0,0
1,40.0,0.585,1,0,0,0,0,0,0,0,1,0,0,0,0,0,0,0,0,0,1,0,0,0,0,0,0,0.0,0,1,3.0,0,0,0,114.0,769.0,0
0,309.0,0.165,1,0,0,0,0,0,0,0,1,0,0,0,0,0,0,0,0,0,1,0,0,0,0,0,0,0.0,0,0,0.0,1,0,1,20.0,27.0,0
0,120.0,1.25,1,0,0,0,0,0,0,0,1,0,0,0,0,0,0,0,0,0,1,0,0,0,0,0,0,0.0,0,1,1.0,0,0,0,28.0,300.0,0
1,107.0,0.875,1,0,0,0,0,0,0,0,0,0,0,1,0,0,0,0,0,0,0,0,0,0,0,1,0,0.375,0,1,2.0,1,0,0,61.0,3.0,0
1,78.0,0.0,1,0,0,0,0,0,0,0,0,0,0,1,0,0,0,0,0,0,0,0,0,0,0,1,0,1.0,0,1,11.0,0,0,1,2.0,0.0,0
1,236.0,5.0,1,0,0,0,0,0,0,0,1,0,0,0,0,0,0,0,0,0,1,0,0,0,0,0,0,0.0,0,1,2.0,0,0,0,3.0,1.0,0
1,155.0,2.71,0,1,0,1,0,0,0,0,0,0,0,0,1,0,0,0,0,0,0,0,0,0,0,1,0,0.125,0,0,0.0,1,0,1,25.0,0.0,0
1,15.0,3.0,1,0,0,0,0,0,0,0,0,0,0,1,0,0,0,0,0,0,0,0,0,0,0,1,0,0.04,0,0,0.0,1,0,0,54.0,40.0,0
0,20.0,0.0,0,1,0,1,0,0,0,0,0,0,1,0,0,0,0,0,0,0,1,0,0,0,0,0,0,0.0,0,0,0.0,0,0,0,26.0,0.0,0
1,12.0,0.125,1,0,0,0,1,0,0,0,0,0,0,0,0,0,0,0,0,0,0,0,0,0,0,1,0,0.165,0,0,0.0,0,0,0,44.0,0.0,0
0,122.0,1.665,1,0,0,0,0,0,0,0,1,0,0,0,0,0,0,0,0,0,1,0,0,0,0,0,0,0.0,0,0,0.0,0,0,0,111.0,1.0,0
1,161.0,1.125,1,0,0,0,0,0,0,0,1,0,0,0,0,0,0,0,0,0,1,0,0,0,0,0,0,0.0,0,1,1.0,0,0,0,31.0,19.0,0
1,43.0,7.0,1,0,0,0,1,0,0,0,0,0,0,0,0,0,0,0,0,0,0,0,0,0,0,1,0,0.5,0,0,0.0,0,0,0,2.0,0.0,0
1,235.0,1.625,1,0,0,0,1,0,0,0,0,0,0,0,0,0,0,0,0,0,0,0,0,0,0,1,0,1.5,0,0,0.0,0,0,0,2.0,316.0,0
1,211.0,4.25,1,0,0,0,0,0,0,0,0,0,0,0,0,1,0,0,0,0,0,0,0,0,0,1,0,3.5,0,0,0.0,0,0,0,144.0,50.0,0
1,306.0,1.5,1,0,0,0,0,0,1,0,0,0,0,0,0,0,0,0,0,0,0,0,0,0,0,1,0,3.75,0,0,0.0,1,0,0,2.0,350.0,0
1,207.0,18.125,1,0,0,0,0,0,0,0,0,0,0,0,0,0,0,1,0,0,0,0,0,0,0,1,0,0.085,0,0,0.0,0,0,0,107.0,3552.0,0
1,144.0,0.75,0,1,0,1,1,0,0,0,0,0,0,0,0,0,0,0,0,0,0,0,0,0,0,1,0,0.04,0,0,0.0,0,0,0,86.0,0.0,0
1,207.0,5.5,1,0,0,0,0,0,0,0,0,1,0,0,0,0,0,0,0,0,0,0,0,0,0,0,0,5.0,0,0,0.0,0,0,0,73.0,687.0,0
1,104.0,0.29,0,1,0,1,1,0,0,0,0,0,0,0,0,0,0,0,0,0,0,0,0,0,0,1,0,1.5,0,0,0.0,1,0,0,54.0,0.0,0
0,91.0,2.415,0,1,0,1,1,0,0,0,0,0,0,0,0,0,0,0,0,0,0,0,0,0,0,1,0,0.0,0,0,0.0,0,0,0,39.0,0.0,0
1,87.0,0.875,1,0,0,0,0,0,0,0,0,0,0,0,1,0,0,0,0,0,0,0,0,0,0,1,0,0.085,0,1,4.0,0,0,0,90.0,1950.0,0
1,64.0,0.5,1,0,0,0,1,0,0,0,0,0,0,0,0,0,0,0,0,0,0,0,0,0,0,1,0,0.125,0,0,0.0,0,0,0,117.0,0.0,0
0,212.0,0.29,1,0,0,0,0,0,0,0,1,0,0,0,0,0,0,0,0,0,1,0,0,0,0,0,0,0.0,0,1,10.0,0,0,0,69.0,18.0,0
0,77.0,1.835,1,0,0,0,0,0,0,0,0,0,1,0,0,0,0,0,0,0,0,0,1,0,0,0,0,0.0,0,1,1.0,0,0,0,69.0,53.0,0
0,124.0,3.0,1,0,0,0,0,0,0,0,0,0,0,0,1,0,0,0,0,0,0,0,0,0,0,1,0,2.79,0,1,1.0,1,0,0,98.0,10.0,0
1,160.0,3.085,1,0,0,0,1,0,0,0,0,0,0,0,0,0,0,0,0,0,0,0,0,0,0,1,0,2.5,0,1,2.0,1,0,0,54.0,41.0,0
0,153.0,1.375,1,0,0,0,0,0,0,0,0,0,0,0,0,0,0,1,0,0,0,1,0,0,0,0,0,0.04,0,1,3.0,0,0,0,2.0,33.0,0
1,66.0,2.335,1,0,0,0,0,0,0,0,0,0,0,1,0,0,0,0,0,0,0,0,0,0,0,1,0,0.75,0,0,0.0,0,0,0,64.0,0.0,0
1,11.0,4.085,1,0,0,0,0,0,0,0,0,1,0,0,0,0,0,0,0,0,0,1,0,0,0,0,0,0.415,0,0,0.0,1,0,0,39.0,0.0,0
0,64.0,11.665,1,0,0,0,0,0,0,0,0,0,0,1,0,0,0,0,0,0,0,1,0,0,0,0,0,0.085,0,0,0.0,0,0,0,107.0,5.0,0
1,54.0,4.125,0,1,0,1,0,0,0,0,0,1,0,0,0,0,0,0,0,0,0,1,0,0,0,0,0,0.04,0,0,0.0,0,0,0,46.0,100.0,0
1,17.0,6.5,1,0,0,0,0,0,0,0,0,1,0,0,0,0,0,0,0,0,0,0,0,0,0,1,0,0.125,0,0,0.0,0,0,0,19.0,100.0,0
1,36.0,4.0,0,1,0,1,0,0,0,0,0,1,0,0,0,0,0,0,0,0,0,0,0,0,0,1,0,1.0,0,0,0.0,1,0,0,117.0,1000.0,0
1,50.0,0.415,1,0,0,0,1,0,0,0,0,0,0,0,0,0,0,0,0,0,0,0,0,0,0,1,0,0.125,0,0,0.0,0,0,0,2.0,44.0,0
1,116.0,2.0,1,0,0,0,0,0,1,0,0,0,0,0,0,0,0,0,0,0,0,0,0,0,0,1,0,0.75,0,0,0.0,1,0,0,25.0,0.0,0
1,84.0,0.835,1,0,0,0,0,0,0,0,0,1,0,0,0,0,0,0,0,0,0,1,0,0,0,0,0,0.085,0,0,0.0,1,0,0,77.0,5.0,0
1,231.0,2.5,0,1,0,1,0,0,0,0,0,1,0,0,0,0,0,0,0,0,0,1,0,0,0,0,0,10.0,0,0,0.0,1,0,1,69.0,0.0,0
1,74.0,11.5,1,0,0,0,0,0,0,0,0,1,0,0,0,0,0,0,0,0,0,0,0,0,0,1,0,0.415,0,0,0.0,0,0,0,2.0,0.0,0
0,13.0,0.5,1,0,0,0,0,0,0,0,0,1,0,0,0,0,0,0,0,0,0,0,0,0,0,1,0,0.165,0,1,6.0,1,0,0,86.0,35.0,0
1,83.0,3.165,0,1,0,1,0,0,0,0,0,0,0,1,0,0,0,0,0,0,0,0,0,0,0,1,0,0.415,0,1,1.0,1,0,0,98.0,80.0,0
0,16.0,9.5,1,0,0,0,0,0,0,0,0,0,0,0,0,0,0,0,0,0,0,0,0,0,0,1,0,1.75,0,1,10.0,1,0,0,2.0,10.0,0
1,85.0,0.415,0,1,0,1,1,0,0,0,0,0,0,0,0,0,0,0,0,0,0,0,0,0,0,1,0,0.04,0,1,2.0,0,0,0,41.0,6.0,0
1,195.0,1.08,1,0,0,0,0,0,0,0,0,0,0,0,1,0,0,0,0,0,0,0,0,0,0,1,0,1.165,0,0,0.0,0,0,1,8.0,0.0,0
1,348.0,19.0,0,1,0,1,0,0,0,0,1,0,0,0,0,0,0,0,0,0,1,0,0,0,0,0,0,0.04,0,1,2.0,0,0,0,2.0,351.0,0
1,130.0,0.125,0,1,0,1,0,0,0,0,0,0,0,1,0,0,0,0,0,0,0,0,0,0,0,1,0,0.085,0,0,0.0,0,0,0,76.0,2100.0,0
1,91.0,13.335,0,1,0,1,0,0,0,0,0,0,0,0,0,0,0,0,0,0,0,0,0,0,0,1,0,0.04,0,0,0.0,1,0,0,39.0,475.0,0
1,33.0,3.54,0,1,0,1,0,0,0,0,1,0,0,0,0,0,0,0,0,0,1,0,0,0,0,0,0,0.0,0,0,0.0,1,0,0,64.0,1.0,0
0,278.0,0.75,1,0,0,0,0,0,0,0,0,0,0,0,0,1,0,0,0,0,0,1,0,0,0,0,0,2.75,1,1,1.0,0,0,0,110.0,892.0,1
1,88.0,0.875,1,0,0,0,0,0,0,0,0,0,0,0,0,1,0,0,0,0,0,0,0,0,0,1,0,4.625,1,1,2.0,1,0,0,156.0,2000.0,1
1,232.0,9.5,1,0,0,0,0,0,0,0,0,0,0,0,1,0,0,0,0,0,0,0,0,0,0,1,0,6.5,1,1,14.0,0,0,0,86.0,4607.0,1
0,49.0,11.835,1,0,0,0,1,0,0,0,0,0,0,0,0,0,0,0,0,0,0,1,0,0,0,0,0,6.0,1,0,0.0,0,0,0,111.0,0.0,1
0,33.0,4.415,0,1,0,1,1,0,0,0,0,0,0,0,0,0,0,0,0,0,0,1,0,0,0,0,0,3.0,1,0,0.0,0,0,0,86.0,0.0,1
1,36.0,9.5,1,0,0,0,0,0,0,0,0,0,0,0,0,0,0,1,0,0,0,0,0,0,0,1,0,1.5,1,0,0.0,0,0,0,39.0,2206.0,1
0,96.0,0.875,1,0,0,0,0,0,0,0,0,0,0,0,0,0,0,0,1,0,0,1,0,0,0,0,0,1.04,1,0,0.0,1,0,0,54.0,5860.0,1
1,45.0,9.25,1,0,0,0,1,0,0,0,0,0,0,0,0,0,0,0,0,0,0,0,0,0,0,1,0,1.665,1,1,3.0,1,0,0,12.0,28.0,1
1,105.0,0.5,1,0,0,0,1,0,0,0,0,0,0,0,0,0,0,0,0,0,0,0,0,0,0,1,0,1.46,1,1,5.0,1,0,0,106.0,0.0,1
1,48.0,7.0,1,0,0,0,1,0,0,0,0,0,0,0,0,0,0,0,0,0,0,0,0,0,0,1,0,1.625,1,1,3.0,0,0,0,69.0,1391.0,1
1,229.0,5.0,1,0,0,0,0,1,0,0,0,0,0,0,0,0,0,0,0,0,0,0,0,0,0,1,0,3.5,1,1,10.0,1,0,0,2.0,0.0,1
0,339.0,0.165,1,0,0,0,0,0,0,0,1,0,0,0,0,0,0,0,0,0,1,0,0,0,0,0,0,0.0,1,1,1.0,0,0,0,84.0,100.0,1
1,131.0,5.125,1,0,0,0,0,0,0,0,0,0,0,0,0,0,0,0,1,0,0,0,0,0,0,1,0,4.75,1,1,2.0,0,0,0,136.0,7.0,1
0,137.0,3.75,1,0,0,0,1,0,0,0,0,0,0,0,0,0,0,0,0,0,0,0,0,0,0,1,0,1.085,1,1,1.0,1,0,0,121.0,0.0,1
1,162.0,19.5,1,0,0,0,1,0,0,0,0,0,0,0,0,0,0,0,0,0,0,0,0,0,0,1,0,7.0,1,1,16.0,0,0,0,2.0,5000.0,1
0,34.0,9.0,1,0,0,0,0,0,0,0,0,0,0,0,0,0,0,0,0,0,0,0,0,0,0,1,0,0.75,1,1,2.0,0,0,0,27.0,591.0,1
0,93.0,3.0,1,0,0,0,0,0,0,0,0,0,0,0,0,1,0,0,0,0,0,1,0,0,0,0,0,1.835,1,1,19.0,0,0,0,2.0,500.0,1
0,156.0,12.0,1,0,0,0,1,0,0,0,0,0,0,0,0,0,0,0,0,0,0,0,0,0,0,1,0,2.0,1,1,1.0,0,0,0,77.0,19.0,1
1,53.0,4.79,0,1,0,1,0,0,0,0,0,0,0,0,0,0,0,1,0,0,0,0,0,0,0,1,0,2.25,1,1,1.0,1,0,0,25.0,300.0,1
1,2.0,4.0,0,1,0,1,0,0,0,0,0,0,0,0,0,0,0,1,0,0,0,0,0,0,0,1,0,1.75,1,1,2.0,1,0,0,39.0,1000.0,1
0,273.0,4.0,1,0,0,0,0,0,0,0,0,0,1,0,0,0,0,0,0,0,0,0,1,0,0,0,0,0.0,1,0,0.0,0,0,0,33.0,960.0,1
0,267.0,0.0,1,0,0,0,1,0,0,0,0,0,0,0,0,0,0,0,0,0,0,0,0,0,0,1,0,2.5,1,0,0.0,0,0,0,2.0,0.0,1
1,46.0,9.96,1,0,0,0,0,0,0,1,0,0,0,0,0,0,0,0,0,1,0,0,0,0,0,0,0,0.0,1,0,0.0,0,0,0,2.0,0.0,1
1,73.0,2.54,0,1,0,1,1,0,0,0,0,0,0,0,0,0,0,0,0,0,0,1,0,0,0,0,0,2.585,1,0,0.0,0,0,0,2.0,0.0,1
0,335.0,5.0,1,0,0,0,0,0,0,0,0,0,0,0,0,0,0,0,0,0,0,0,0,0,0,1,0,4.0,1,1,4.0,0,0,0,2.0,99.0,1
1,8.0,0.75,1,0,0,0,1,0,0,0,0,0,0,0,0,0,0,0,0,0,0,0,0,0,0,1,0,1.75,1,1,5.0,1,0,0,115.0,690.0,1
0,130.0,0.375,1,0,0,0,0,0,0,0,0,0,0,0,0,1,0,0,0,0,0,0,0,0,0,1,0,0.585,1,1,4.0,0,0,0,25.0,0.0,1
1,231.0,1.71,1,0,0,0,0,0,0,0,0,0,0,0,0,0,0,0,1,0,0,0,0,0,0,1,0,0.125,1,1,5.0,1,0,0,149.0,0.0,1
0,148.0,5.29,1,0,0,0,0,0,0,1,0,0,0,0,0,0,0,0,0,1,0,0,0,0,0,0,0,2.25,1,1,5.0,1,0,0,32.0,500.0,1
1,75.0,3.0,1,0,0,0,0,0,0,0,0,0,0,0,1,0,0,0,0,0,0,0,0,0,0,1,0,1.29,1,1,1.0,0,0,0,92.0,800.0,1
0,71.0,8.5,1,0,0,0,0,0,0,0,0,0,0,0,0,1,0,0,0,0,0,0,0,0,0,1,0,1.75,1,1,10.0,0,0,0,25.0,990.0,0
0,135.0,1.665,1,0,0,0,0,0,0,0,0,0,0,0,0,1,0,0,0,0,0,0,0,0,0,1,0,2.415,1,0,0.0,1,0,0,141.0,0.0,0
1,270.0,1.5,1,0,0,0,1,0,0,0,0,0,0,0,0,0,0,0,0,0,0,0,0,0,0,1,0,2.5,1,0,0.0,1,0,0,46.0,0.0,0
1,250.0,1.75,1,0,0,0,0,0,0,0,0,0,0,1,0,0,0,0,0,0,0,0,0,0,0,1,0,0.21,1,0,0.0,0,0,0,54.0,0.0,0
0,323.0,0.335,1,0,0,0,0,0,0,0,0,1,0,0,0,0,0,0,0,0,0,0,0,0,0,0,0,1.0,1,0,0.0,1,0,0,88.0,2197.0,0
0,315.0,7.08,1,0,0,0,0,0,0,0,0,0,0,1,0,0,0,0,0,0,0,1,0,0,0,0,0,6.75,1,1,3.0,1,0,0,33.0,50.0,0
1,263.0,25.21,1,0,0,0,0,0,0,0,0,0,0,0,0,1,0,0,0,0,0,1,0,0,0,0,0,0.21,1,1,1.0,0,0,0,166.0,90.0,0
0,100.0,2.085,1,0,0,0,1,0,0,0,0,0,0,0,0,0,0,0,0,0,0,1,0,0,0,0,0,2.75,1,0,0.0,1,0,0,117.0,1.0,0
0,92.0,0.67,1,0,0,0,0,0,0,0,0,0,0,0,0,0,0,0,0,0,0,1,0,0,0,0,0,1.75,1,0,0.0,0,0,0,131.0,0.0,0
1,262.0,2.25,1,0,0,0,0,0,0,0,0,1,0,0,0,0,0,0,0,0,0,0,0,0,0,0,0,0.75,1,0,0.0,0,0,0,159.0,0.0,0
1,244.0,0.835,1,0,0,0,0,0,0,0,1,0,0,0,0,0,0,0,0,0,1,0,0,0,0,0,0,0.0,1,0,0.0,0,0,0,43.0,1.0,0
1,167.0,2.5,1,0,0,0,0,0,0,0,0,0,0,0,0,0,0,0,0,0,0,0,0,0,0,1,0,7.5,1,0,0.0,1,0,0,157.0,0.0,0
0,187.0,1.585,0,1,0,1,0,0,0,0,1,0,0,0,0,0,0,0,0,0,1,0,0,0,0,0,0,0.0,1,0,0.0,0,0,0,107.0,0.0,0
0,95.0,1.25,1,0,0,0,0,0,0,0,1,0,0,0,0,0,0,0,0,0,1,0,0,0,0,0,0,0.0,1,0,0.0,0,0,0,25.0,0.0,0
1,201.0,3.165,1,0,0,0,0,0,0,0,0,0,0,0,0,0,0,0,1,0,0,1,0,0,0,0,0,3.75,1,0,0.0,1,0,0,163.0,0.0,0
1,191.0,1.75,1,0,0,0,0,0,0,0,0,0,0,0,0,0,0,1,0,0,0,0,0,0,0,0,0,0.25,1,0,0.0,1,0,0,55.0,0.0,0
1,38.0,1.5,0,1,0,1,0,1,0,0,0,0,0,0,0,0,0,0,0,0,0,0,0,0,0,1,0,2.0,1,0,0.0,1,0,0,33.0,20.0,0
1,258.0,3.0,1,0,0,0,0,0,0,0,0,1,0,0,0,0,0,0,0,0,0,0,0,0,0,0,0,1.0,1,0,0.0,0,0,0,2.0,200.0,0
1,41.0,10.0,0,1,0,1,0,0,0,0,0,0,0,1,0,0,0,0,0,0,0,1,0,0,0,0,0,0.835,1,0,0.0,1,0,0,46.0,0.0,0
1,209.0,3.79,1,0,0,0,0,0,0,0,0,0,0,0,0,0,0,1,0,0,0,0,0,0,0,1,0,1.165,1,0,0.0,1,0,0,69.0,0.0,0
1,149.0,1.04,0,1,0,1,0,0,0,0,0,1,0,0,0,0,0,0,0,0,0,0,0,0,0,0,0,0.5,1,1,10.0,1,0,0,44.0,28.0,0
1,266.0,11.0,0,1,0,1,0,0,1,0,0,0,0,0,0,0,0,0,0,0,0,0,0,0,0,1,0,1.5,1,0,0.0,0,0,1,2.0,0.0,0
1,84.0,0.46,0,1,0,1,0,0,0,0,0,0,0,0,0,0,0,1,0,0,0,0,0,0,0,1,0,2.625,1,1,6.0,1,0,0,72.0,347.0,0
1,86.0,1.5,1,0,0,0,0,0,1,0,0,0,0,0,0,0,0,0,0,0,0,1,0,0,0,0,0,1.875,1,1,6.0,0,0,0,69.0,327.0,1
1,181.0,1.0,1,0,0,0,0,0,0,0,0,0,0,0,0,0,0,0,1,0,0,0,0,0,0,1,0,0.75,1,1,7.0,1,0,0,111.0,4071.0,1
1,287.0,12.0,1,0,0,0,0,0,0,0,0,0,0,0,1,0,0,0,0,0,0,0,0,0,0,1,0,16.0,1,0,0.0,0,0,1,36.0,0.0,1
1,349.0,22.29,1,0,0,0,0,0,0,1,0,0,0,0,0,0,0,0,0,0,0,0,0,0,0,0,1,12.75,1,1,1.0,1,0,0,2.0,109.0,1
1,299.0,10.0,1,0,0,0,0,0,0,0,0,1,0,0,0,0,0,0,0,0,0,0,0,0,0,0,0,0.0,1,1,11.0,0,0,0,2.0,1249.0,1
1,196.0,15.0,1,0,0,0,0,0,0,0,0,0,0,0,0,0,1,0,0,0,0,0,0,1,0,0,0,5.375,1,1,9.0,1,0,0,2.0,134.0,1
1,225.0,3.335,1,0,0,0,0,0,0,0,0,0,0,0,0,0,0,1,0,0,0,0,0,0,0,1,0,4.0,1,1,14.0,0,0,0,126.0,1344.0,1
0,70.0,11.25,0,1,0,1,0,0,0,0,0,0,0,0,0,0,0,0,1,0,0,1,0,0,0,0,0,0.75,1,1,4.0,0,0,0,2.0,321.0,1
1,252.0,0.42,1,0,0,0,1,0,0,0,0,0,0,0,0,0,0,0,0,0,0,1,0,0,0,0,0,0.21,1,1,6.0,0,0,0,77.0,948.0,1
1,143.0,4.5,1,0,0,0,0,0,0,0,0,0,0,0,0,0,0,1,0,0,0,0,0,0,0,1,0,7.5,1,1,2.0,1,0,0,109.0,0.0,1
0,171.0,1.46,1,0,0,0,0,0,0,0,0,0,0,0,0,0,0,1,0,0,0,0,0,0,0,1,0,1.085,1,1,16.0,0,0,0,39.0,2079.0,1
1,300.0,0.04,1,0,0,0,0,0,0,0,0,0,0,0,0,0,0,0,1,0,0,1,0,0,0,0,0,0.04,1,0,0.0,0,0,0,2.0,3000.0,1
0,75.0,2.29,1,0,0,0,0,0,0,0,0,0,0,0,0,1,0,0,0,0,0,1,0,0,0,0,0,2.29,1,1,7.0,1,0,0,46.0,2384.0,1
0,96.0,12.33,1,0,0,0,0,1,0,0,0,0,0,0,0,0,0,0,0,0,0,1,0,0,0,0,0,3.5,1,1,6.0,0,0,0,131.0,458.0,1
1,116.0,1.125,1,0,0,0,0,0,0,0,0,0,0,0,0,0,0,0,1,0,0,1,0,0,0,0,0,1.25,1,0,0.0,0,0,0,2.0,5298.0,1
1,81.0,1.5,1,0,0,0,1,0,0,0,0,0,0,0,0,0,0,0,0,0,0,1,0,0,0,0,0,1.415,1,0,0.0,0,0,0,137.0,200.0,1
1,90.0,12.335,1,0,0,0,0,0,0,0,0,0,0,0,0,1,0,0,0,0,0,1,0,0,0,0,0,1.585,1,0,0.0,1,0,0,39.0,0.0,1
1,255.0,5.04,1,0,0,0,0,0,0,0,0,0,0,0,0,1,0,0,0,0,0,1,0,0,0,0,0,12.75,1,0,0.0,1,0,0,28.0,0.0,1
0,52.0,3.0,1,0,0,0,0,0,0,0,0,0,0,0,0,0,0,0,0,0,0,0,0,0,0,1,0,0.04,1,0,0.0,0,0,0,33.0,0.0,1
1,78.0,11.5,1,0,0,0,0,0,0,0,0,0,0,0,0,0,0,1,0,0,0,1,0,0,0,0,0,2.125,1,1,11.0,1,0,0,100.0,284.0,1
0,98.0,2.875,1,0,0,0,0,0,0,0,0,0,0,0,0,0,0,0,1,0,0,1,0,0,0,0,0,0.875,1,0,0.0,0,0,0,117.0,0.0,1
1,261.0,0.375,0,1,0,1,1,0,0,0,0,0,0,0,0,0,0,0,0,0,0,0,0,0,0,1,0,0.375,1,1,8.0,1,0,0,102.0,162.0,1
0,204.0,0.915,1,0,0,0,0,0,0,0,0,0,0,0,0,0,0,0,0,0,0,0,0,0,0,1,0,0.75,1,1,4.0,0,0,0,2.0,1583.0,1
1,331.0,2.75,1,0,0,0,0,0,0,0,0,0,0,0,0,0,0,1,0,0,0,0,0,0,0,1,0,1.75,1,1,5.0,1,0,0,19.0,58.0,1
1,53.0,3.0,0,1,0,1,0,0,1,0,0,0,0,0,0,0,0,0,0,0,0,0,0,0,0,1,0,1.085,1,1,8.0,1,0,0,54.0,1.0,1
1,64.0,0.54,0,1,0,1,0,0,0,0,0,0,0,0,0,0,0,0,1,0,0,0,0,0,0,1,0,0.04,1,1,1.0,1,0,0,167.0,59.0,1
0,340.0,14.0,1,0,0,0,0,0,0,0,1,0,0,0,0,0,0,0,0,0,1,0,0,0,0,0,0,0.0,1,1,11.0,1,0,0,2.0,1400.0,1
0,47.0,10.0,1,0,0,0,1,0,0,0,0,0,0,0,0,0,0,0,0,0,0,1,0,0,0,0,0,1.0,1,1,4.0,0,0,0,16.0,1465.0,1
1,172.0,0.165,0,1,0,1,1,0,0,0,0,0,0,0,0,0,0,0,0,0,0,1,0,0,0,0,0,3.25,1,1,1.0,1,0,0,139.0,8000.0,1
1,150.0,0.5,1,0,0,0,1,0,0,0,0,0,0,0,0,0,0,0,0,0,0,0,0,0,0,1,0,1.75,1,1,11.0,0,0,0,11.0,540.0,1
1,98.0,6.0,1,0,0,0,1,0,0,0,0,0,0,0,0,0,0,0,0,0,0,0,0,0,0,1,0,1.0,1,1,3.0,0,0,0,2.0,0.0,1
1,231.0,1.625,1,0,0,0,1,0,0,0,0,0,0,0,0,0,0,0,0,0,0,0,0,0,0,1,0,1.5,1,1,10.0,0,0,0,66.0,4700.0,1
1,230.0,6.0,1,0,0,0,0,0,0,0,0,0,0,0,1,0,0,0,0,0,0,0,0,0,0,1,0,1.29,1,1,5.0,1,0,0,35.0,1097.0,1
1,165.0,0.83,1,0,0,0,0,0,0,0,0,0,0,0,0,0,0,0,1,0,0,0,0,0,0,1,0,1.335,1,1,8.0,1,0,0,103.0,3290.0,1
1,245.0,0.04,1,0,0,0,0,0,0,1,0,0,0,0,0,0,0,0,0,0,0,0,0,0,0,1,0,0.04,0,1,1.0,0,0,1,159.0,0.0,1
1,288.0,4.25,1,0,0,0,0,0,0,0,0,0,0,0,1,0,0,0,0,0,0,0,0,0,0,1,0,0.125,1,0,0.0,1,0,0,80.0,0.0,1
1,175.0,9.0,0,1,0,1,0,0,0,0,0,0,0,0,0,0,0,1,0,0,0,1,0,0,0,0,0,5.25,1,0,0.0,1,0,0,52.0,0.0,1
0,129.0,15.0,0,1,0,1,0,0,0,1,0,0,0,0,0,0,0,0,0,0,0,0,0,0,0,0,1,0.0,1,0,0.0,0,0,0,2.0,13212.0,1
1,347.0,17.75,1,0,0,0,0,0,0,0,1,0,0,0,0,0,0,0,0,0,1,0,0,0,0,0,0,0.0,1,0,0.0,1,0,0,2.0,0.0,1
1,339.0,20.0,1,0,0,0,0,0,0,0,0,0,0,0,0,0,0,0,1,0,0,1,0,0,0,0,0,17.5,1,1,9.0,1,0,0,2.0,1000.0,1
1,301.0,15.0,1,0,0,0,1,0,0,0,0,0,0,0,0,0,0,0,0,0,0,0,0,0,0,1,0,8.5,1,1,9.0,0,0,0,2.0,0.0,1
1,115.0,1.75,0,1,0,1,1,0,0,0,0,0,0,0,0,0,0,0,0,0,0,0,0,0,0,1,0,1.0,1,1,5.0,1,0,0,54.0,5777.0,1
1,100.0,0.58,1,0,0,0,1,0,0,0,0,0,0,0,0,0,0,0,0,0,0,0,0,0,0,1,0,0.29,1,1,7.0,1,0,0,31.0,5124.0,1
1,150.0,6.5,1,0,0,0,0,1,0,0,0,0,0,0,0,0,0,0,0,0,0,0,0,0,0,1,0,3.125,1,1,8.0,0,0,0,109.0,1200.0,1
1,119.0,0.75,1,0,0,0,1,0,0,0,0,0,0,0,0,0,0,0,0,0,0,1,0,0,0,0,0,4.25,1,1,3.0,1,0,0,106.0,150.0,1
1,190.0,5.25,1,0,0,0,0,0,0,0,0,0,0,0,0,0,0,1,0,0,0,0,0,0,0,1,0,0.085,0,0,0.0,1,0,0,100.0,6.0,1
1,226.0,0.21,1,0,0,0,0,0,0,0,0,0,0,1,0,0,0,0,0,0,0,0,0,0,0,1,0,0.085,1,0,0.0,1,0,0,98.0,0.0,1
1,105.0,0.75,1,0,0,0,1,0,0,0,0,0,0,0,0,0,0,0,0,0,0,0,0,0,0,0,0,0.25,1,0,0.0,0,0,0,113.0,23.0,1
0,274.0,3.0,1,0,0,0,1,0,0,0,0,0,0,0,0,0,0,0,0,0,0,0,0,0,0,1,0,2.375,1,1,8.0,1,0,0,129.0,4159.0,1
0,59.0,6.0,1,0,0,0,0,0,0,0,0,0,0,0,0,0,0,0,0,0,0,0,0,0,0,1,0,2.5,1,1,3.0,0,0,0,25.0,918.0,1
1,49.0,2.415,1,0,0,0,1,0,0,0,0,0,0,0,0,0,0,0,0,0,0,0,0,0,0,1,0,2.0,1,1,11.0,1,0,0,69.0,3000.0,1
0,142.0,0.46,1,0,0,0,0,0,0,0,0,0,0,1,0,0,0,0,0,0,0,0,0,0,0,1,0,0.54,1,1,4.0,0,0,0,124.0,500.0,1
1,146.0,1.25,0,1,0,1,0,0,0,0,0,0,0,1,0,0,0,0,0,0,0,0,0,0,0,1,0,0.25,0,0,0.0,0,0,0,79.0,0.0,0
1,44.0,0.25,1,0,0,0,0,0,0,0,0,0,0,0,0,1,0,0,0,0,0,0,0,0,0,1,0,0.125,0,0,0.0,0,0,0,69.0,0.0,0
1,82.0,0.585,1,0,0,0,1,0,0,0,0,0,0,0,0,0,0,0,0,0,0,1,0,0,0,0,0,0.085,1,0,0.0,0,0,0,64.0,0.0,0
0,143.0,1.75,0,1,0,1,0,0,0,0,0,0,0,1,0,0,0,0,0,0,0,0,0,0,0,1,0,1.25,0,0,0.0,1,0,0,98.0,0.0,0
1,9.0,0.04,1,0,0,0,1,0,0,0,0,0,0,0,0,0,0,0,0,0,0,0,0,0,0,1,0,0.04,0,0,0.0,0,0,0,2.0,0.0,1
1,173.0,3.5,1,0,0,0,0,0,0,0,0,0,0,1,0,0,0,0,0,0,0,0,0,0,0,1,0,0.5,0,0,0.0,1,0,0,84.0,0.0,0
1,283.0,4.165,1,0,0,0,0,0,0,0,0,0,0,0,0,0,0,0,1,0,0,0,0,0,0,0,0,0.085,0,0,0.0,1,0,0,156.0,0.0,0
1,43.0,1.25,0,1,0,1,0,0,0,0,0,0,0,1,0,0,0,0,0,0,0,0,0,0,0,1,0,0.125,0,0,0.0,0,0,0,46.0,4.0,0
1,124.0,3.25,0,1,0,1,0,0,0,0,0,0,0,0,0,1,0,0,0,0,0,1,0,0,0,0,0,5.085,0,1,2.0,1,0,0,119.0,1.0,0
1,65.0,0.79,1,0,0,0,0,0,0,0,0,0,0,0,0,0,0,1,0,0,0,0,0,0,0,1,0,0.29,0,1,1.0,0,0,0,136.0,283.0,0
1,37.0,10.915,1,0,0,0,1,0,0,0,0,0,0,0,0,0,0,0,0,0,0,0,0,0,0,0,0,0.585,0,1,2.0,1,0,0,69.0,7.0,0
0,223.0,4.415,1,0,0,0,1,0,0,0,0,0,0,0,0,0,0,0,0,0,0,0,0,0,0,1,0,0.125,0,0,0.0,0,0,0,54.0,0.0,0
1,141.0,1.25,1,0,0,0,1,0,0,0,0,0,0,0,0,0,0,0,0,0,0,1,0,0,0,0,0,0.25,0,1,2.0,1,0,0,131.0,108.0,0
1,73.0,0.75,1,0,0,0,0,0,0,0,0,1,0,0,0,0,0,0,0,0,0,0,0,0,0,1,0,1.585,0,1,1.0,1,0,0,131.0,9.0,0
1,172.0,14.0,0,1,0,1,0,0,0,0,1,0,0,0,0,0,0,0,0,0,1,0,0,0,0,0,0,0.0,0,1,2.0,0,0,0,54.0,1.0,0
1,143.0,4.75,1,0,0,0,0,0,0,0,0,0,0,0,1,0,0,0,0,0,0,0,0,0,0,1,0,2.0,0,1,1.0,1,0,0,146.0,68.0,0
1,28.0,10.415,0,1,0,1,0,0,0,0,0,0,0,0,0,0,0,0,0,0,0,0,0,0,0,1,0,0.125,1,0,0.0,0,0,0,39.0,375.0,0
1,67.0,2.25,1,0,0,0,0,0,0,0,0,1,0,0,0,0,0,0,0,0,0,0,0,0,0,1,0,0.125,0,0,0.0,0,0,0,54.0,10.0,0
1,73.0,0.165,1,0,0,0,1,0,0,0,0,0,0,0,0,0,0,0,0,0,0,0,1,0,0,0,0,2.25,0,0,0.0,1,0,1,2.0,0.0,1
1,33.0,0.0,1,0,0,0,0,0,0,0,0,0,0,0,0,1,0,0,0,0,0,0,0,0,0,1,0,0.665,0,0,0.0,0,0,0,54.0,1.0,0
1,60.0,0.79,0,1,0,1,0,1,0,0,0,0,0,0,0,0,0,0,0,0,0,0,0,0,0,1,0,0.665,0,0,0.0,0,0,0,54.0,0.0,0
1,85.0,12.0,1,0,0,0,1,0,0,0,0,0,0,0,0,0,0,0,0,0,0,0,0,0,0,1,0,2.085,0,0,0.0,0,0,1,25.0,0.0,0
1,206.0,2.54,1,0,0,0,0,0,0,0,1,0,0,0,0,0,0,0,0,0,1,0,0,0,0,0,0,0.0,0,0,0.0,0,0,0,2.0,1000.0,0
1,140.0,13.0,1,0,0,0,0,0,1,0,0,0,0,0,0,0,0,0,0,0,0,1,0,0,0,0,0,0.5,0,0,0.0,0,0,0,81.0,0.0,0
0,40.0,0.665,1,0,0,0,0,0,0,0,0,0,0,0,0,0,0,1,0,0,0,0,0,0,0,1,0,1.665,0,0,0.0,0,0,0,77.0,5.0,0
0,76.0,1.25,1,0,0,0,0,0,0,0,0,0,0,0,0,1,0,0,0,0,0,0,0,0,0,1,0,0.25,0,0,0.0,1,0,0,39.0,809.0,0
0,121.0,0.29,1,0,0,0,0,0,0,0,0,0,0,0,1,0,0,0,0,0,0,1,0,0,0,0,0,0.125,0,1,1.0,1,0,0,95.0,108.0,0
0,227.0,1.5,1,0,0,0,0,0,0,0,1,0,0,0,0,0,0,0,0,0,1,0,0,0,0,0,0,0.0,0,0,0.0,0,0,0,24.0,0.0,0
1,174.0,2.165,0,1,0,1,0,0,0,0,0,0,0,1,0,0,0,0,0,0,1,0,0,0,0,0,0,0.0,0,0,0.0,0,0,0,39.0,0.0,0
0,85.0,0.71,1,0,0,0,0,0,0,0,0,0,0,0,0,0,0,1,0,0,0,0,0,0,0,1,0,0.25,0,1,1.0,1,0,0,86.0,4.0,0
1,25.0,2.46,1,0,0,0,1,0,0,0,0,0,0,0,0,0,0,0,0,0,0,0,0,1,0,0,0,0.96,0,1,2.0,1,0,0,54.0,587.0,0
1,244.0,0.5,0,1,0,1,0,0,0,0,0,0,0,0,1,0,0,0,0,0,0,0,0,0,0,1,0,0.5,0,0,0.0,1,0,0,43.0,0.0,0
1,39.0,9.585,1,0,0,0,0,0,0,0,0,0,0,0,0,0,0,0,0,0,0,0,0,0,0,1,0,0.79,0,0,0.0,0,0,0,25.0,350.0,0
1,135.0,3.625,1,0,0,0,0,0,0,0,0,0,0,0,0,0,0,0,0,0,0,0,0,0,0,1,0,0.25,0,0,0.0,1,0,0,33.0,0.0,0
1,203.0,0.75,1,0,0,0,0,0,0,0,0,0,0,1,0,0,0,0,0,0,0,0,0,0,0,1,0,1.5,0,0,0.0,1,0,0,83.0,0.0,0
1,190.0,2.75,1,0,0,0,0,0,0,0,0,1,0,0,0,0,0,0,0,0,0,0,0,0,0,0,0,2.5,0,0,0.0,1,0,0,84.0,200.0,0
1,164.0,0.75,0,1,0,1,0,0,0,0,0,0,0,0,0,0,0,0,0,0,0,0,0,0,0,1,0,3.5,0,0,0.0,1,0,0,107.0,0.0,0
0,307.0,7.0,1,0,0,0,0,0,0,0,0,0,0,0,0,0,0,0,0,0,0,1,0,0,0,0,0,3.0,0,0,0.0,0,0,0,2.0,0.0,0
1,207.0,0.42,0,1,0,1,0,0,0,0,0,0,0,0,0,0,0,1,0,0,0,0,0,0,0,1,0,0.29,0,0,0.0,1,0,0,104.0,2.0,0
1,216.0,2.665,1,0,0,0,0,1,0,0,0,0,0,0,0,0,0,0,0,0,0,0,0,0,0,1,0,0.165,0,0,0.0,1,0,0,2.0,501.0,0
0,52.0,8.5,1,0,0,0,1,0,0,0,0,0,0,0,0,0,0,0,0,0,0,0,0,0,0,1,0,0.165,0,0,0.0,0,0,0,2.0,351.0,0
1,87.0,9.0,1,0,0,0,0,0,0,0,0,0,0,0,0,0,0,0,0,0,0,0,0,0,0,1,0,0.25,0,0,0.0,1,0,0,2.0,0.0,0
1,103.0,0.335,1,0,0,0,0,0,0,0,0,0,0,1,0,0,0,0,0,0,0,1,0,0,0,0,0,3.5,0,0,0.0,1,0,0,111.0,0.0,0
0,200.0,3.75,1,0,0,0,0,0,0,0,1,0,0,0,0,0,0,0,0,0,1,0,0,0,0,0,0,0.0,0,1,6.0,0,0,0,2.0,200.0,0
1,284.0,3.75,1,0,0,0,0,0,0,0,0,1,0,0,0,0,0,0,0,0,0,0,0,0,0,0,0,1.0,0,0,0.0,0,0,0,33.0,2.0,0
0,5.0,7.625,1,0,0,0,0,0,0,0,0,0,0,0,0,1,0,0,0,0,0,0,0,0,0,1,0,0.125,0,1,1.0,1,0,0,2.0,160.0,0
0,71.0,0.415,1,0,0,0,0,0,0,0,0,1,0,0,0,0,0,0,0,0,0,0,0,0,0,1,0,0.335,0,0,0.0,1,0,1,48.0,0.0,0
1,59.0,11.5,1,0,0,0,0,0,0,0,0,1,0,0,0,0,0,0,0,0,0,0,0,0,0,1,0,0.5,1,0,0.0,1,0,0,33.0,68.0,0
0,84.0,0.83,1,0,0,0,0,0,0,0,0,0,0,0,0,1,0,0,0,0,0,0,0,0,0,1,0,0.415,0,1,1.0,1,0,0,69.0,11.0,0
0,54.0,5.0,0,1,0,1,0,0,0,0,1,0,0,0,0,0,0,0,0,0,1,0,0,0,0,0,0,0.0,0,0,0.0,0,0,0,2.0,0.0,0
1,104.0,3.25,1,0,0,0,1,0,0,0,0,0,0,0,0,0,0,0,0,0,0,1,0,0,0,0,0,2.29,0,1,1.0,1,0,0,135.0,21.0,0
0,228.0,1.665,1,0,0,0,0,0,0,0,0,0,0,0,0,0,0,0,0,0,0,0,0,0,0,1,0,0.25,0,0,0.0,0,0,0,2.0,390.0,0
0,4.0,0.375,1,0,0,0,1,0,0,0,0,0,0,0,0,0,0,0,0,0,0,0,0,0,0,1,0,1.0,0,0,0.0,0,0,0,39.0,18.0,0
0,135.0,3.75,1,0,0,0,1,0,0,0,0,0,0,0,0,0,0,0,0,0,0,0,0,0,0,1,0,0.25,0,1,1.0,1,0,0,12.0,154.0,0
1,68.0,9.0,1,0,0,0,0,0,0,0,0,0,0,0,0,0,0,0,0,0,0,0,0,0,0,1,0,0.085,0,0,0.0,0,0,0,2.0,0.0,0
1,146.0,3.5,1,0,0,0,1,0,0,0,0,0,0,0,0,0,0,0,0,0,0,0,0,0,0,1,0,0.165,0,0,0.0,0,0,0,76.0,0.0,0
0,83.0,1.5,1,0,0,0,0,0,0,0,0,0,0,0,0,0,0,1,0,0,0,0,0,0,0,1,0,0.875,0,0,0.0,1,0,0,54.0,0.0,0
1,170.0,4.0,0,1,0,1,0,1,0,0,0,0,0,0,0,0,0,0,0,0,0,0,0,0,0,1,0,1.5,0,0,0.0,1,0,0,39.0,0.0,0
1,160.0,1.5,0,1,0,1,0,0,0,0,0,0,0,0,0,0,0,1,0,0,0,0,0,0,0,1,0,0.04,0,0,0.0,0,0,1,54.0,0.0,0
1,167.0,0.04,0,1,0,1,0,0,0,0,0,0,0,0,1,0,0,0,0,0,0,0,0,0,0,1,0,0.04,0,0,0.0,0,0,0,2.0,0.0,0
0,62.0,11.75,1,0,0,0,1,0,0,0,0,0,0,0,0,0,0,0,0,0,0,0,0,0,0,1,0,0.25,0,0,0.0,1,0,0,64.0,0.0,0
0,22.0,0.54,1,0,0,0,1,0,0,0,0,0,0,0,0,0,0,0,0,0,0,0,0,0,0,1,0,1.75,0,1,1.0,1,0,0,25.0,5.0,0
1,152.0,0.5,1,0,0,0,0,0,1,0,0,0,0,0,0,0,0,0,0,0,0,1,0,0,0,0,0,0.085,0,0,0.0,1,0,1,88.0,0.0,0
1,302.0,2.04,0,1,0,1,0,0,0,0,1,0,0,0,0,0,0,0,0,0,1,0,0,0,0,0,0,1.5,0,0,0.0,0,0,0,39.0,1.0,0
1,277.0,5.835,1,0,0,0,0,0,0,0,0,0,0,0,0,0,0,1,0,0,0,0,0,0,0,1,0,5.5,0,0,0.0,0,0,0,147.0,150.0,0
1,106.0,12.835,1,0,0,0,0,1,0,0,0,0,0,0,0,0,0,0,0,0,0,0,0,0,0,1,0,0.5,0,0,0.0,0,0,0,2.0,2.0,0
0,297.0,0.835,1,0,0,0,0,0,0,0,0,0,0,0,0,0,0,0,0,0,0,0,0,0,0,1,0,0.5,0,0,0.0,1,0,0,86.0,117.0,0
0,216.0,2.5,1,0,0,0,0,0,0,0,0,1,0,0,0,0,0,0,0,0,0,1,0,0,0,0,0,0.21,0,0,0.0,0,0,0,92.0,246.0,0
0,250.0,1.04,1,0,0,0,0,0,0,0,0,0,0,0,0,0,0,0,0,0,0,0,0,0,0,1,0,0.665,0,0,0.0,0,0,0,86.0,237.0,0
0,155.0,10.665,1,0,0,0,0,0,0,0,0,0,0,0,0,1,0,0,0,0,0,1,0,0,0,0,0,0.085,0,1,12.0,1,0,0,42.0,3.0,0
1,38.0,7.25,1,0,0,0,0,0,0,0,0,0,0,0,1,0,0,0,0,0,0,0,0,0,0,1,0,0.04,0,1,1.0,0,0,0,33.0,1.0,0
0,22.0,10.21,1,0,0,0,0,0,0,0,1,0,0,0,0,0,0,0,0,0,1,0,0,0,0,0,0,0.0,0,0,0.0,0,0,0,2.0,50.0,0
0,44.0,1.25,1,0,0,0,1,0,0,0,0,0,0,0,0,0,0,0,0,0,0,0,0,0,0,1,0,0.0,0,0,0.0,0,0,0,2.0,0.0,0
1,39.0,0.29,1,0,0,0,0,0,0,0,0,0,0,1,0,0,0,0,0,0,0,0,0,0,0,1,0,0.29,0,0,0.0,0,0,0,98.0,364.0,0
1,127.0,1.0,0,1,0,1,0,0,1,0,0,0,0,0,0,0,0,0,0,0,0,1,0,0,0,0,0,3.0,0,0,0.0,0,0,0,62.0,537.0,0
1,14.0,3.29,1,0,0,0,0,0,0,0,0,1,0,0,0,0,0,0,0,0,0,0,0,0,0,1,0,0.335,0,0,0.0,1,0,0,46.0,2.0,0
1,210.0,0.75,0,1,0,1,0,0,1,0,0,0,0,0,0,0,0,0,0,0,0,0,0,0,0,1,0,0.585,0,0,0.0,0,0,0,86.0,3.0,0
1,242.0,3.29,1,0,0,0,0,0,0,0,0,0,0,0,1,0,0,0,0,0,0,0,0,0,0,1,0,3.5,0,0,0.0,1,0,1,131.0,0.0,0
1,54.0,10.085,0,1,0,1,0,0,0,1,0,0,0,0,0,0,0,0,0,0,0,1,0,0,0,0,0,1.25,0,0,0.0,0,0,0,92.0,0.0,0
0,73.0,0.75,1,0,0,0,1,0,0,0,0,0,0,0,0,0,0,0,0,0,0,0,0,0,0,1,0,2.0,0,1,2.0,1,0,0,69.0,394.0,0
0,99.0,13.5,0,1,0,1,0,0,0,0,1,0,0,0,0,0,0,0,0,0,1,0,0,0,0,0,0,2.0,0,1,1.0,1,0,0,69.0,1.0,0
1,22.0,0.205,1,0,0,0,0,0,0,0,0,0,0,0,0,0,0,0,0,0,0,0,0,0,0,1,0,0.04,0,0,0.0,0,0,0,98.0,750.0,0
1,199.0,3.375,1,0,0,0,1,0,0,0,0,0,0,0,0,0,0,0,0,0,0,1,0,0,0,0,0,8.29,0,0,0.0,1,0,0,2.0,0.0,0
