0,1,y
1.687,0.445,3
1.687,0.449,3
1.687,0.449,3
1.687,0.449,3
1.687,0.449,3
1.686,0.446,3
1.684,0.451,3
1.68,0.453,3
0.753,0.457,1
0.744,0.462,1
0.735,0.467,1
0.729,0.469,1
0.723,0.477,1
0.757,0.48,1
0.76,0.483,1
0.757,0.482,1
0.761,0.482,1
0.762,0.482,1
0.765,0.482,1
0.812,0.481,1
0.814,0.48,1
0.811,0.479,1
0.908,0.478,3
1.27,0.477,3
1.639,0.476,3
1.638,0.475,3
1.637,0.474,3
1.636,0.475,3
1.635,0.475,3
1.635,0.475,3
1.635,0.475,3
1.635,0.475,3
1.633,0.475,3
1.629,0.474,3
1.624,0.473,3
1.618,0.473,3
1.611,0.473,3
1.609,0.472,3
1.603,0.471,3
0.576,0.471,1
1.581,0.471,3
1.572,0.471,3
1.562,0.47,3
1.553,0.47,3
1.179,0.47,3
1.167,0.47,3
1.159,0.471,3
1.151,0.471,3
1.143,0.471,3
1.136,0.471,3
1.128,0.472,3
1.477,0.472,3
1.129,0.473,3
1.457,0.473,3
1.448,0.474,3
1.438,0.475,3
1.428,0.486,3
1.418,0.485,3
1.409,0.486,3
1.399,0.485,3
1.39,0.486,3
1.38,0.487,3
1.37,0.489,3
1.361,0.491,3
1.354,0.494,3
1.344,0.496,0
1.33,0.498,0
1.32,0.499,0
1.31,0.501,0
1.298,0.504,0
1.285,0.507,0
1.271,0.511,0
1.256,0.515,0
1.239,0.52,0
1.223,0.525,0
1.206,0.53,0
1.188,0.535,0
1.17,0.541,0
1.152,0.548,0
1.133,0.554,0
1.114,0.56,0
1.094,0.567,0
1.075,0.573,0
1.056,0.58,0
1.037,0.586,0
1.019,0.593,0
1.001,0.599,0
0.983,0.606,0
0.966,0.612,0
0.948,0.619,0
0.931,0.625,0
0.914,0.632,0
0.898,0.638,1
0.881,0.645,1
0.864,0.652,1
0.847,0.658,1
0.83,0.66,1
0.815,0.662,1
0.801,0.667,1
0.792,0.67,1
0.792,0.665,1
0.795,0.666,1
0.796,0.665,1
0.796,0.665,1
0.796,0.665,1
0.799,0.664,1
0.799,0.664,1
0.798,0.664,1
0.799,0.664,1
0.798,0.663,1
0.797,0.666,1
0.792,0.671,1
0.791,0.684,1
0.79,0.674,1
0.789,0.66,1
0.788,0.66,1
0.787,0.659,1
0.786,0.661,1
0.785,0.665,1
0.788,0.717,1
0.787,0.833,1
0.79,0.779,1
0.814,0.668,1
0.807,0.809,1
0.786,0.805,1
0.785,0.804,1
0.787,0.854,1
0.791,0.8,1
0.794,0.786,1
0.814,0.78,1
0.88,0.776,1
1.593,0.774,0
1.593,0.77,0
1.593,0.765,0
1.593,0.765,0
1.592,0.763,0
1.591,0.763,0
1.59,0.763,0
1.588,0.763,0
1.586,0.758,0
1.576,0.759,0
1.566,0.753,0
1.555,0.751,0
0.932,0.745,0
1.525,0.739,0
1.508,0.733,0
1.494,0.727,0
1.473,0.721,0
1.454,0.715,0
1.438,0.707,0
1.419,0.7,0
1.399,0.694,0
1.379,0.69,0
1.358,0.683,0
1.338,0.673,0
1.317,0.666,0
0.891,0.663,1
1.276,0.652,0
1.255,0.645,0
1.233,0.638,0
1.212,0.627,0
1.193,0.623,0
1.174,0.613,0
1.156,0.607,0
1.138,0.6,0
1.121,0.594,0
1.105,0.588,0
1.089,0.582,0
1.074,0.576,0
1.058,0.57,0
1.043,0.564,0
1.026,0.562,0
1.009,0.555,0
0.989,0.549,0
0.733,0.539,1
0.711,0.54,1
0.679,0.53,1
0.658,0.521,1
0.65,0.515,1
0.644,0.509,1
0.639,0.504,1
0.86,0.504,1
0.859,0.496,1
0.861,0.491,1
0.865,0.491,1
0.865,0.491,1
0.865,0.49,1
0.865,0.49,1
0.865,0.489,1
0.865,0.488,1
0.868,0.487,1
0.867,0.486,1
0.87,0.485,1
0.869,0.485,1
0.74,0.484,1
0.74,0.483,1
0.861,0.482,1
0.859,0.48,1
0.857,0.478,1
0.853,0.477,1
0.85,0.475,1
0.852,0.474,1
0.852,0.472,1
0.851,0.47,1
0.854,0.467,1
0.857,0.465,1
0.873,0.462,1
1.491,0.46,3
1.202,0.458,3
1.201,0.456,3
1.2,0.455,3
1.198,0.454,3
1.198,0.455,3
1.198,0.455,3
1.197,0.456,3
1.198,0.456,3
1.191,0.457,3
1.186,0.458,3
1.567,0.459,3
1.208,0.461,3
1.553,0.462,3
1.191,0.464,3
1.535,0.465,3
1.528,0.466,3
1.519,0.468,3
1.512,0.47,3
1.416,0.471,3
1.522,0.473,3
1.475,0.476,3
1.487,0.478,3
1.473,0.48,3
1.472,0.483,3
1.459,0.486,3
1.462,0.489,3
1.34,0.491,3
1.335,0.494,3
1.421,0.497,0
1.421,0.5,0
1.414,0.504,0
1.404,0.507,0
1.393,0.511,0
1.381,0.515,0
1.368,0.52,0
1.353,0.526,0
1.309,0.531,0
1.293,0.538,0
1.273,0.545,0
1.287,0.551,0
1.269,0.559,0
1.22,0.566,0
1.202,0.574,0
1.183,0.581,0
1.165,0.589,0
1.143,0.597,0
1.128,0.604,0
1.106,0.612,0
1.09,0.619,0
1.068,0.627,0
1.049,0.635,0
1.03,0.642,0
1.012,0.65,0
0.994,0.657,0
0.975,0.664,0
0.957,0.672,0
0.942,0.679,0
1.173,0.686,0
1.16,0.695,0
1.148,0.702,0
1.139,0.707,0
1.128,0.702,0
1.126,0.704,0
1.473,0.71,0
1.454,0.713,0
1.434,0.719,0
1.412,0.726,0
1.063,0.733,0
1.05,0.741,0
1.04,0.748,0
1.03,0.756,0
1.021,0.763,0
1.011,0.771,0
0.642,0.778,1
0.622,0.786,1
0.606,0.793,1
0.589,0.801,1
0.574,0.805,1
0.559,0.807,1
0.547,0.797,1
0.541,0.786,1
0.549,0.784,1
0.983,0.78,0
0.984,0.78,0
0.983,0.78,0
0.983,0.78,0
0.981,0.78,0
0.98,0.78,0
0.979,0.779,0
0.978,0.779,0
0.978,0.779,0
0.977,0.779,0
0.976,0.778,0
0.974,0.778,0
0.972,0.777,0
0.968,0.777,0
0.961,0.776,0
0.952,0.775,0
0.937,0.773,0
0.924,0.775,0
0.91,0.774,0
0.895,0.773,1
0.88,0.779,1
0.864,0.779,1
0.847,0.779,1
0.832,0.778,1
0.817,0.775,1
0.804,0.771,1
0.793,0.771,1
0.792,0.769,1
0.789,0.768,1
0.791,0.767,1
0.792,0.766,1
0.792,0.766,1
0.792,0.765,1
0.791,0.765,1
0.79,0.764,1
0.791,0.766,1
0.79,0.766,1
0.79,0.769,1
0.789,0.872,1
0.789,0.87,1
0.789,0.865,1
0.788,0.772,1
0.787,0.759,1
0.786,0.753,1
0.785,0.751,1
0.785,0.749,1
0.784,0.746,1
0.787,0.744,1
1.815,0.746,0
0.81,0.381,1
0.789,0.376,1
0.785,0.374,1
0.785,0.374,1
0.785,0.373,1
0.785,0.373,1
0.785,0.372,1
0.785,0.372,1
0.785,0.371,1
0.788,0.37,1
0.788,0.37,1
0.788,0.372,1
0.791,0.751,1
0.798,0.743,1
0.811,0.836,1
1.824,0.835,0
1.821,0.371,3
1.817,0.363,3
1.816,0.357,3
1.814,0.357,3
1.813,0.357,3
1.813,0.357,3
1.81,0.357,3
1.81,0.356,3
1.81,0.356,3
0.963,0.356,3
1.81,0.356,3
0.957,0.357,3
1.799,0.357,3
0.937,0.358,3
0.93,0.362,3
0.919,0.747,0
0.912,0.746,0
0.905,0.742,0
0.9,0.738,1
0.898,0.734,1
1.727,0.383,3
2.715,0.374,3
2.094,0.374,3
2.693,0.378,3
2.681,0.386,3
2.67,0.7,0
2.66,0.697,0
2.651,0.693,0
2.644,0.69,0
2.634,0.687,0
2.622,0.683,0
2.618,0.68,0
2.595,0.676,0
1.567,0.672,0
1.557,0.668,0
1.537,0.664,0
2.528,0.66,0
1.499,0.655,0
1.478,0.651,0
1.459,0.647,0
1.441,0.538,0
1.422,0.64,0
1.407,0.636,0
1.388,0.632,0
1.369,0.628,0
1.35,0.624,0
1.331,0.62,0
1.309,0.616,0
1.294,0.612,0
1.275,0.608,0
2.249,0.604,0
2.23,0.599,0
2.21,0.595,0
2.191,0.589,0
2.171,0.585,0
2.151,0.583,0
2.131,0.58,0
2.111,0.576,0
2.092,0.572,0
2.072,0.568,0
2.053,0.564,0
2.034,0.561,0
2.014,0.557,0
1.994,0.553,0
1.975,0.549,0
1.955,0.545,0
1.935,0.541,0
1.916,0.537,0
1.897,0.533,0
1.878,0.53,0
1.859,0.526,0
1.84,0.522,0
1.822,0.518,0
0.584,0.515,1
0.577,0.511,1
0.577,0.507,1
0.573,0.504,1
0.79,0.5,1
0.777,0.497,1
0.765,0.494,1
0.76,0.491,1
0.761,0.49,1
0.769,0.49,1
0.77,0.489,1
0.773,0.49,1
0.773,0.489,1
0.77,0.489,1
0.773,0.488,1
1.501,0.487,3
1.495,0.487,3
1.494,0.486,3
1.491,0.485,3
1.496,0.485,3
1.702,0.485,3
1.492,0.485,3
1.491,0.485,3
1.492,0.485,3
1.694,0.484,3
1.689,0.483,3
1.682,0.483,3
1.675,0.482,3
1.666,0.481,3
1.656,0.48,3
0.583,0.479,1
1.635,0.478,3
1.624,0.478,3
1.613,0.478,3
1.603,0.477,3
1.593,0.477,3
1.584,0.478,3
1.575,0.477,3
1.567,0.478,3
1.559,0.478,3
1.55,0.478,3
1.541,0.479,3
1.531,0.48,3
1.521,0.48,3
1.511,0.481,3
1.316,0.482,3
1.304,0.483,3
1.296,0.484,3
1.291,0.485,3
1.283,0.486,3
1.278,0.487,3
1.273,0.488,3
1.432,0.49,3
1.422,0.491,3
1.412,0.493,3
1.402,0.494,3
1.392,0.496,0
1.382,0.498,0
1.372,0.499,0
1.361,0.501,0
1.349,0.503,0
1.336,0.506,0
1.322,0.509,0
1.308,0.513,0
1.292,0.516,0
1.275,0.521,0
1.259,0.526,0
1.241,0.531,0
1.223,0.536,0
1.205,0.541,0
1.186,0.547,0
1.168,0.553,0
1.15,0.559,0
1.131,0.565,0
1.113,0.571,0
1.094,0.578,0
1.075,0.584,0
1.056,0.591,0
1.037,0.597,0
1.018,0.604,0
0.998,0.608,0
0.979,0.615,0
0.959,0.623,0
0.94,0.631,0
0.923,0.638,0
0.904,0.645,0
0.882,0.652,1
0.864,0.658,1
0.846,0.665,1
0.827,0.671,1
0.809,0.678,1
0.792,0.684,1
0.776,0.689,1
0.767,0.69,1
0.767,0.687,1
0.769,0.686,1
0.77,0.685,1
0.77,0.685,1
0.769,0.685,1
0.769,0.684,1
0.769,0.684,1
0.769,0.683,1
0.768,0.683,1
0.768,0.682,1
0.768,0.681,1
0.769,0.68,1
0.765,0.682,1
0.763,0.684,1
0.762,0.683,1
0.761,0.681,1
0.76,0.677,1
0.759,0.676,1
0.758,0.679,1
0.757,0.679,1
0.756,0.682,1
0.755,0.689,1
0.762,0.72,1
0.769,0.783,1
0.772,0.685,1
0.758,0.779,1
0.758,0.779,1
0.758,0.776,1
0.761,0.851,1
0.764,0.713,1
0.768,0.753,1
1.566,0.749,0
1.567,0.745,0
1.568,0.711,0
1.57,0.741,0
1.572,0.74,0
1.567,0.742,0
1.56,0.724,0
1.551,0.734,0
1.54,0.726,0
1.527,0.72,0
1.513,0.714,0
1.497,0.707,0
1.481,0.7,0
1.464,0.693,0
1.447,0.686,0
1.429,0.678,0
1.411,0.671,0
1.392,0.664,0
1.374,0.656,0
1.355,0.648,0
1.335,0.644,0
1.316,0.638,0
1.297,0.63,0
1.278,0.624,0
1.262,0.617,0
1.24,0.61,0
1.223,0.604,0
1.2,0.597,0
1.18,0.587,0
1.161,0.58,0
1.141,0.574,0
1.121,0.566,0
1.102,0.562,0
1.083,0.556,0
1.065,0.549,0
1.046,0.543,0
1.028,0.537,0
1.01,0.53,0
0.992,0.524,0
0.974,0.517,0
0.956,0.512,0
0.938,0.505,0
0.69,0.498,1
0.671,0.489,1
0.619,0.483,1
0.607,0.477,1
0.593,0.473,1
0.58,0.465,1
0.568,0.462,1
0.821,0.462,1
0.824,0.458,1
0.826,0.455,1
0.825,0.454,1
0.825,0.454,1
0.825,0.453,1
0.822,0.452,1
0.507,0.452,1
0.507,0.451,1
0.507,0.451,1
0.508,0.45,1
0.508,0.45,1
0.508,0.449,1
0.508,0.448,1
0.508,0.448,1
0.512,0.447,1
0.823,0.447,1
0.823,0.446,1
0.823,0.445,1
0.823,0.443,1
0.823,0.438,1
0.824,0.44,1
0.824,0.438,1
0.829,0.436,1
0.83,0.435,1
0.829,0.433,1
0.826,0.431,1
0.826,0.428,1
0.825,0.426,1
0.825,0.423,1
0.825,0.421,1
0.828,0.419,1
0.828,0.417,1
0.829,0.416,1
0.831,0.414,1
0.826,0.411,1
0.825,0.408,1
0.824,0.405,1
0.82,0.403,1
0.82,0.4,1
0.822,0.399,1
0.821,0.397,1
0.824,0.396,1
0.824,0.395,1
0.819,0.407,1
0.813,0.399,1
0.811,0.395,1
0.81,0.393,1
0.805,0.393,1
0.808,0.396,1
0.806,0.423,1
0.809,0.431,1
0.811,0.435,1
0.904,0.403,3
0.804,0.404,1
0.803,0.405,1
0.802,0.427,1
0.802,0.431,1
0.805,0.478,1
0.802,0.477,1
0.805,0.477,1
0.805,0.479,1
0.805,0.479,1
0.808,0.478,1
0.822,0.49,1
0.825,0.937,1
3.338,0.423,3
3.335,0.424,3
3.335,0.425,3
3.335,0.422,3
3.335,0.425,3
3.335,0.422,3
3.335,0.425,3
3.335,0.425,3
3.335,0.425,3
3.334,0.427,3
2.935,0.426,3
2.923,0.431,3
3.322,0.436,3
3.316,0.443,3
3.309,0.454,3
3.301,0.463,3
3.29,0.479,3
3.281,0.761,0
3.273,0.756,0
3.267,0.751,0
3.258,0.747,0
3.25,0.746,0
3.237,0.741,0
3.22,0.735,0
3.205,0.729,0
3.189,0.723,0
3.172,0.716,0
3.16,0.713,0
3.138,0.706,0
3.082,0.71,0
0.94,0.694,0
0.94,0.694,0
3.023,0.684,0
3.001,0.682,0
2.981,0.656,0
2.965,0.646,0
2.659,0.65,0
2.641,0.634,0
2.651,0.625,0
2.885,0.623,0
2.866,0.614,0
2.581,0.613,0
2.828,0.607,0
2.549,0.599,0
2.544,0.597,0
2.505,0.593,0
2.471,0.589,0
2.466,0.589,0
2.715,0.587,0
2.696,0.585,0
2.281,0.606,0
2.261,0.598,0
2.248,0.593,0
2.63,0.584,0
2.604,0.597,0
2.585,0.574,0
2.565,0.568,0
2.546,0.559,0
2.527,0.553,0
2.508,0.547,0
2.486,0.54,0
2.468,0.534,0
2.448,0.528,0
2.432,0.52,0
2.41,0.518,0
2.394,0.525,0
2.372,0.501,0
2.353,0.497,0
2.338,0.491,3
2.316,0.481,3
2.297,0.476,3
1.914,0.471,3
1.889,0.464,3
1.877,0.463,3
2.225,0.461,3
2.209,0.46,3
2.194,0.461,3
2.18,0.458,3
2.166,0.457,3
1.877,0.515,0
1.879,0.474,3
2.13,0.471,3
2.12,0.467,3
1.838,0.46,3
1.827,0.46,3
2.09,0.464,3
2.081,0.458,3
1.84,0.458,3
1.832,0.468,3
1.791,0.567,0
1.78,0.598,0
1.776,0.537,0
1.839,0.562,0
2.025,0.578,0
2.011,3.134,2
2.0,0.515,0
1.987,0.489,3
1.974,0.495,0
1.96,1.434,2
1.945,1.426,2
1.93,1.422,2
1.914,1.415,2
1.897,1.413,2
1.881,1.407,2
1.865,1.406,2
1.848,1.404,2
1.831,1.402,2
1.815,1.403,2
1.798,1.398,2
1.781,1.396,2
1.764,1.397,2
1.748,1.395,2
1.732,1.393,2
1.647,1.394,2
1.631,1.406,2
1.628,1.405,2
1.612,1.39,2
1.596,1.388,2
1.557,1.387,2
1.559,1.386,2
1.581,1.387,2
1.463,0.715,0
1.458,0.709,0
1.37,0.723,0
1.367,0.724,0
1.429,0.73,0
1.417,0.798,0
1.347,0.848,0
1.332,2.171,2
1.323,2.177,2
1.312,2.185,2
1.3,2.197,2
1.284,2.208,2
1.274,2.224,2
1.261,2.233,2
1.251,2.241,2
1.242,2.252,2
1.226,2.261,2
1.213,2.267,2
1.197,0.862,0
1.182,2.282,2
1.17,0.868,0
1.158,2.295,2
1.144,2.302,2
1.133,0.819,0
1.118,0.821,0
1.103,0.824,0
1.089,0.826,0
1.074,0.828,0
1.059,0.83,0
1.042,0.828,0
1.025,0.823,0
1.007,0.797,0
0.985,0.792,0
0.967,0.795,0
0.947,0.794,0
0.928,0.797,0
0.908,0.8,0
0.889,0.804,1
0.869,0.808,1
0.849,0.812,1
0.83,0.813,1
0.811,0.817,1
0.793,0.822,1
0.78,0.824,1
0.778,0.825,1
0.784,0.823,1
0.785,0.819,1
0.786,0.819,1
0.786,0.818,1
0.786,0.817,1
0.785,0.817,1
0.785,0.816,1
0.785,0.816,1
0.785,0.815,1
0.785,0.814,1
0.784,0.813,1
0.78,0.812,1
0.78,0.811,1
0.779,0.81,1
0.779,0.808,1
0.778,0.807,1
0.777,0.805,1
0.78,0.808,1
0.779,0.813,1
0.779,0.825,1
0.779,0.817,1
0.778,0.812,1
0.776,0.808,1
0.771,0.803,1
0.77,0.803,1
0.769,0.802,1
0.768,0.828,1
0.767,0.878,1
0.769,0.863,1
0.769,0.871,1
0.769,0.82,1
0.778,0.8,1
0.803,0.792,1
0.774,0.789,1
0.767,0.788,1
0.766,0.782,1
0.769,0.791,1
0.776,0.767,1
0.831,0.761,1
0.792,0.758,1
0.854,0.755,1
0.894,0.755,1
1.182,0.752,0
0.892,0.746,1
1.346,0.743,0
1.349,0.741,0
1.349,0.737,0
1.348,0.737,0
1.346,0.741,0
1.342,0.737,0
1.34,0.74,0
1.339,0.736,0
1.338,0.735,0
1.341,0.738,0
1.337,0.738,0
1.34,0.738,0
1.336,0.738,0
1.332,0.741,0
1.325,0.74,0
1.316,0.732,0
1.305,0.742,0
1.292,0.726,0
1.278,0.72,0
1.265,0.714,0
1.248,0.708,0
1.231,0.705,0
1.213,0.698,0
1.195,0.692,0
1.176,0.702,0
1.157,0.681,0
1.138,0.68,0
1.119,0.682,0
1.1,0.722,0
0.943,0.654,0
0.923,0.65,0
0.899,0.641,1
0.881,0.669,1
0.864,0.627,1
0.847,0.623,1
0.83,0.619,1
0.816,0.613,1
0.803,0.601,1
0.818,0.589,1
0.917,0.586,0
0.92,0.586,0
0.921,0.586,0
0.921,0.586,0
0.919,0.586,0
0.917,0.585,0
0.915,0.584,0
0.913,0.584,0
0.912,0.584,0
0.911,0.584,0
0.91,0.583,0
0.908,0.583,0
0.907,0.582,0
0.906,0.582,0
0.904,0.581,0
0.902,0.581,0
0.9,0.581,1
0.899,0.581,1
0.898,0.58,1
0.897,0.58,1
0.896,0.579,1
0.895,0.579,1
0.895,0.578,1
0.895,0.578,1
0.896,0.577,1
0.896,0.576,1
0.896,0.575,1
0.896,0.574,1
0.897,0.572,1
0.897,0.57,1
0.898,0.569,1
0.899,0.567,1
0.9,0.566,1
0.899,0.564,1
0.898,0.563,1
0.897,0.56,1
0.897,0.557,1
0.896,0.555,1
0.896,0.553,1
0.896,0.551,1
0.896,0.549,1
0.896,0.548,1
0.895,0.546,1
0.894,0.544,1
0.893,0.541,1
0.892,0.538,1
0.891,0.535,1
0.891,0.533,1
0.891,0.532,1
0.894,0.53,1
0.894,0.529,1
0.892,0.53,1
0.887,0.524,1
0.886,0.526,1
0.884,0.532,1
0.882,0.531,1
0.881,0.527,1
0.88,0.527,1
0.88,0.526,1
0.879,0.526,1
0.882,0.535,1
0.881,0.914,1
1.325,0.907,2
1.761,0.902,2
0.88,0.708,1
0.879,0.699,1
0.878,0.696,1
0.878,0.697,1
0.878,0.7,1
0.878,0.695,1
0.878,0.694,1
0.881,0.693,1
0.881,0.692,1
0.887,0.691,1
0.888,0.69,1
0.891,0.692,1
0.904,0.711,0
1.744,0.541,0
1.75,0.542,0
1.753,0.867,0
1.751,0.867,0
1.745,0.551,0
1.741,0.863,0
1.732,0.567,0
1.721,0.571,0
1.707,0.583,0
0.96,0.842,0
1.677,0.835,0
0.975,0.827,0
1.642,0.819,0
1.627,0.811,0
0.948,0.802,0
0.887,0.794,1
0.923,0.714,0
0.866,0.774,1
0.873,0.768,1
0.851,0.759,1
0.837,0.751,1
0.824,0.742,1
0.817,0.735,1
1.459,0.725,0
0.863,0.722,1
1.462,0.722,0
1.462,0.723,0
1.46,0.722,0
1.459,0.721,0
1.458,0.721,0
1.457,0.72,0
1.456,0.719,0
1.454,0.719,0
1.453,0.719,0
0.921,0.718,0
0.92,0.718,0
0.914,0.717,0
0.912,0.716,0
0.913,0.714,0
1.436,0.711,0
1.428,0.707,0
1.417,0.702,0
1.407,0.697,0
1.392,0.691,0
1.376,0.685,0
1.359,0.678,0
1.341,0.67,0
1.325,0.663,0
0.819,0.656,1
1.284,0.649,0
1.264,0.641,0
1.247,0.633,0
1.225,0.625,0
1.205,0.617,0
1.187,0.61,0
1.166,0.602,0
1.149,0.595,0
1.132,0.589,0
1.115,0.582,0
1.098,0.575,0
1.078,0.568,0
1.064,0.562,0
0.733,0.555,1
0.715,0.55,1
1.01,0.543,0
0.992,0.54,0
0.689,0.53,1
0.712,0.524,1
0.692,0.516,1
0.676,0.512,1
0.651,0.515,1
0.693,0.498,1
0.712,0.496,1
0.91,0.495,0
0.907,0.495,0
0.906,0.494,3
0.905,0.494,3
0.904,0.493,3
0.9,0.491,1
0.772,0.488,1
0.766,0.486,1
0.885,0.484,1
0.878,0.482,1
0.874,0.48,1
0.866,0.478,1
0.863,0.477,1
0.86,0.476,1
0.86,0.475,1
0.859,0.474,1
0.857,0.473,1
0.856,0.472,1
0.855,0.472,1
0.852,0.471,1
0.851,0.471,1
0.848,0.469,1
0.85,0.468,1
0.846,0.466,1
0.848,0.464,1
0.851,0.461,1
0.85,0.459,1
0.853,0.457,1
1.493,0.455,3
1.492,0.453,3
1.2,0.451,3
1.199,0.449,3
1.197,0.448,3
1.196,0.448,3
1.195,0.448,3
1.195,0.448,3
1.196,0.448,3
1.195,0.448,3
1.195,0.448,3
1.194,0.448,3
1.193,0.449,3
1.191,0.449,3
1.191,0.45,3
1.19,0.451,3
1.57,0.453,3
1.206,0.454,3
1.558,0.455,3
1.549,0.456,3
1.54,0.457,3
1.534,0.459,3
1.553,0.461,3
1.54,0.463,3
1.504,0.466,3
1.493,0.468,3
1.476,0.471,3
1.467,0.474,3
1.488,0.476,3
1.463,0.479,3
1.468,0.482,3
1.459,0.485,3
1.424,0.488,3
1.414,0.491,3
1.428,0.494,3
1.418,0.498,0
1.38,0.502,0
1.37,0.505,0
1.36,0.509,0
1.347,0.513,0
1.338,0.519,0
1.325,0.525,0
1.31,0.532,0
1.295,0.54,0
1.279,0.548,0
1.297,0.556,0
1.284,0.564,0
1.27,0.574,0
1.257,0.582,0
1.374,0.591,0
1.364,0.601,0
1.351,0.61,0
1.341,0.619,0
1.329,0.628,0
1.319,0.638,0
1.31,0.647,0
1.301,0.657,0
1.292,0.666,0
1.511,0.676,0
1.495,0.685,0
1.476,0.698,0
1.451,0.705,0
1.434,0.715,0
1.419,0.724,0
0.94,0.727,0
0.917,0.73,0
0.897,0.736,1
0.878,0.743,1
0.862,0.75,1
0.846,0.757,1
0.831,0.765,1
0.816,0.769,1
0.804,0.779,1
0.795,0.783,1
0.794,0.782,1
0.799,0.78,1
0.799,0.78,1
0.799,0.783,1
0.799,0.782,1
0.803,0.786,1
1.257,0.785,0
1.257,0.788,0
1.264,0.811,0
1.273,0.807,0
1.415,0.812,0
1.275,0.817,0
1.273,0.82,0
1.4,0.828,0
1.389,0.802,0
1.223,0.806,0
1.362,0.814,0
1.19,0.827,0
1.172,0.837,0
1.156,0.85,0
1.137,0.868,0
1.122,0.875,0
1.106,0.9,0
1.086,0.899,0
1.07,0.904,2
1.052,0.904,2
1.036,0.908,2
1.018,0.908,2
1.001,0.906,2
0.983,0.91,2
0.967,0.946,2
0.954,0.988,2
0.938,0.911,2
0.922,0.909,2
0.907,0.911,2
0.892,0.912,1
0.878,0.914,1
0.861,0.919,1
0.849,0.918,1
0.837,0.92,1
0.827,0.922,1
0.825,0.921,1
0.827,0.916,1
0.829,0.914,1
0.829,0.914,1
0.829,0.914,1
0.829,0.914,1
0.828,0.913,1
0.831,0.912,1
0.831,0.911,1
0.826,0.897,1
0.825,0.897,1
0.823,0.893,1
0.821,0.888,1
0.82,1.001,1
0.819,0.904,1
0.817,0.897,1
0.816,0.499,1
0.816,0.489,1
0.815,0.484,1
0.817,0.482,1
0.858,0.483,1
0.86,0.502,1
0.818,0.837,1
0.817,0.833,1
0.817,0.482,1
0.82,0.472,1
0.827,0.469,1
0.844,0.467,1
0.917,0.468,3
0.916,0.802,0
0.925,0.799,0
1.713,0.796,0
1.713,0.795,0
1.711,0.795,0
1.705,0.795,0
1.699,0.793,0
1.689,0.789,0
1.681,0.785,0
1.668,0.481,3
1.653,0.476,3
1.636,0.478,3
1.616,0.484,3
1.603,0.487,3
1.586,0.497,0
1.571,0.507,0
1.556,0.736,0
1.552,0.731,0
1.555,0.726,0
2.482,0.72,0
2.468,0.714,0
2.453,0.709,0
2.437,0.577,0
2.421,0.571,0
2.404,0.58,0
2.386,0.598,0
2.371,0.604,0
2.352,0.616,0
2.334,0.629,0
2.315,0.642,0
2.296,0.648,0
2.277,0.641,0
2.258,0.634,0
2.24,0.626,0
2.221,0.621,0
2.002,0.616,0
1.985,0.606,0
1.965,0.601,0
1.944,0.591,0
1.924,0.585,0
1.9,0.58,0
1.88,0.571,0
1.098,0.565,0
1.076,0.558,0
1.054,0.552,0
1.032,0.545,0
1.007,0.539,0
0.991,0.534,0
0.969,0.528,0
0.95,0.518,0
0.932,0.514,0
0.913,0.505,0
0.896,0.501,1
0.878,0.495,1
0.861,0.488,1
0.843,0.481,1
0.826,0.475,1
0.81,0.472,1
1.553,0.466,3
1.542,0.458,3
1.543,0.453,3
1.545,0.453,3
1.544,0.453,3
1.542,0.453,3
1.541,0.452,3
1.541,0.452,3
1.54,0.452,3
1.541,0.452,3
1.541,0.452,3
1.54,0.452,3
1.54,0.452,3
1.54,0.452,3
1.539,0.451,3
1.537,0.451,3
0.504,0.449,1
0.503,0.447,1
0.501,0.445,1
0.5,0.442,1
0.495,0.439,1
0.497,0.437,1
0.496,0.435,1
0.496,0.433,1
0.747,0.432,1
0.744,0.432,1
0.745,0.432,1
0.742,0.431,1
0.742,0.431,1
0.742,0.427,1
0.741,0.426,1
0.741,0.425,1
0.738,0.427,1
0.738,0.426,1
0.738,0.426,1
0.741,0.426,1
0.74,0.425,1
0.743,0.424,1
1.493,0.423,3
1.496,0.422,3
1.732,0.42,3
1.731,0.418,3
1.731,0.418,3
1.731,0.418,3
1.732,0.418,3
1.731,0.418,3
1.731,0.418,3
1.731,0.418,3
1.731,0.418,3
1.731,0.418,3
1.731,0.418,3
1.729,0.418,3
1.726,0.418,3
1.721,0.417,3
1.714,0.417,3
1.707,0.416,3
1.698,0.416,3
1.689,0.416,3
1.679,0.416,3
1.668,0.416,3
1.657,0.416,3
1.647,0.416,3
1.636,0.417,3
1.411,0.418,3
1.615,0.42,3
1.604,0.421,3
1.594,0.422,3
1.584,0.423,3
1.36,0.425,3
1.348,0.426,3
1.34,0.428,3
1.331,0.429,3
1.323,0.431,3
1.314,0.433,3
1.305,0.435,3
1.298,0.437,3
1.289,0.439,3
1.285,0.441,3
1.473,0.443,3
1.463,0.445,3
1.452,0.447,3
1.442,0.449,3
1.432,0.451,3
1.422,0.453,3
1.411,0.455,3
1.401,0.458,3
1.391,0.46,3
1.381,0.462,3
1.371,0.465,3
1.362,0.467,3
1.352,0.469,3
1.343,0.472,3
1.333,0.474,3
1.324,0.477,3
1.314,0.48,3
1.305,0.483,3
1.295,0.486,3
1.286,0.489,3
1.277,0.493,3
1.271,0.497,0
1.259,0.5,0
1.25,0.503,0
1.245,0.507,0
1.236,0.511,0
1.225,0.516,0
1.213,0.522,0
1.199,0.528,0
1.185,0.536,0
1.17,0.543,0
1.154,0.551,0
1.138,0.564,0
1.121,0.573,0
1.101,0.579,0
1.084,0.592,0
1.066,0.604,0
1.049,0.715,0
1.031,0.634,0
1.027,0.638,0
0.998,0.668,0
0.982,0.657,0
0.962,0.669,0
0.946,0.683,0
0.93,0.691,0
0.914,0.706,0
0.899,0.717,1
0.883,0.725,1
0.867,0.739,1
0.851,0.75,1
0.835,0.762,1
0.819,0.772,1
0.806,0.781,1
0.8,0.78,1
0.801,0.779,1
0.802,0.777,1
0.802,0.777,1
0.801,0.778,1
0.8,0.778,1
0.8,0.777,1
0.799,0.778,1
0.799,0.78,1
0.799,0.778,1
0.798,0.781,1
0.797,0.781,1
0.796,0.781,1
0.795,0.782,1
0.795,0.786,1
0.794,0.789,1
0.793,0.796,1
0.796,0.793,1
0.796,0.827,1
0.796,0.826,1
0.799,0.824,1
0.803,0.793,1
0.81,0.819,1
0.798,0.816,1
0.795,0.813,1
0.794,0.808,1
0.794,0.808,1
0.797,0.806,1
0.8,0.809,1
0.801,0.792,1
0.821,0.789,1
1.463,0.783,0
1.461,0.78,0
1.466,0.777,0
1.467,0.775,0
1.466,0.774,0
1.462,0.772,0
1.456,0.771,0
1.448,0.768,0
1.437,0.763,0
1.425,0.757,0
1.411,0.751,0
1.395,0.745,0
1.379,0.738,0
1.362,0.732,0
1.345,0.725,0
1.328,0.717,0
1.309,0.71,0
1.291,0.703,0
1.273,0.696,0
1.257,0.689,0
1.235,0.682,0
1.216,0.675,0
1.196,0.668,0
1.177,0.661,0
1.159,0.654,0
1.14,0.647,0
1.122,0.64,0
1.103,0.633,0
1.085,0.626,0
1.066,0.619,0
1.046,0.612,0
1.027,0.604,0
1.009,0.597,0
0.99,0.59,0
0.971,0.583,0
0.775,0.576,1
0.759,0.569,1
0.712,0.562,1
0.689,0.554,1
0.674,0.547,1
0.656,0.54,1
0.655,0.534,1
0.847,0.533,1
0.85,0.535,1
0.852,0.531,1
0.853,0.531,1
0.853,0.527,1
0.852,0.526,1
0.852,0.525,1
0.584,0.524,1
0.582,0.523,1
0.582,0.522,1
0.852,0.521,1
0.582,0.52,1
0.583,0.52,1
0.85,0.519,1
0.849,0.518,1
0.849,0.517,1
0.85,0.517,1
0.85,0.516,1
0.851,0.515,1
0.851,0.513,1
0.852,0.512,1
0.855,0.51,1
0.857,0.509,1
0.858,0.508,1
0.858,0.507,1
0.602,0.504,1
0.854,0.501,1
0.854,0.498,1
0.854,0.496,1
0.854,0.494,1
0.857,0.492,1
0.858,0.49,1
0.857,0.488,1
0.856,0.486,1
0.855,0.483,1
0.851,0.48,1
0.85,0.477,1
0.852,0.475,1
0.851,0.473,1
0.851,0.471,1
0.851,0.47,1
0.854,0.468,1
0.852,0.467,1
0.847,0.469,1
0.845,0.47,1
0.841,0.466,1
0.839,0.465,1
0.841,0.464,1
0.84,0.463,1
0.839,0.467,1
0.838,0.48,1
5.0,0.506,0
5.0,0.575,0
5.0,0.475,3
5.0,0.476,3
0.939,0.565,0
5.0,0.569,0
5.0,0.569,0
5.0,0.569,0
5.0,0.566,0
5.0,0.483,3
5.0,0.573,0
5.0,0.573,0
0.816,0.506,1
0.806,0.516,1
0.794,0.528,1
0.784,0.54,1
0.772,0.552,1
0.764,0.565,1
0.756,0.606,1
0.752,0.772,1
0.753,0.993,1
0.758,0.992,1
0.758,0.595,1
0.758,0.991,1
0.758,0.597,1
0.758,0.594,1
0.761,0.986,1
0.774,0.988,1
0.777,0.762,1
3.163,0.589,0
3.163,0.587,0
3.164,0.589,0
3.163,0.597,0
3.162,0.598,0
3.158,0.598,0
3.151,0.604,0
3.142,0.613,0
3.131,0.627,0
3.118,0.722,0
3.104,0.715,0
3.088,0.708,0
3.072,0.7,0
3.055,0.692,0
3.037,0.684,0
3.019,0.675,0
3.0,0.667,0
2.982,0.658,0
2.964,0.649,0
2.945,0.641,0
2.928,0.632,0
2.91,0.624,0
0.808,0.616,1
0.789,0.609,1
0.758,0.601,1
0.759,0.593,1
0.747,0.586,1
2.801,0.621,0
2.786,0.611,0
2.776,0.605,0
2.769,0.603,0
2.765,0.598,0
2.769,0.599,0
2.766,0.6,0
2.764,0.6,0
2.763,0.599,0
2.761,0.598,0
2.758,0.597,0
2.753,0.595,0
2.745,0.592,0
2.734,0.578,0
2.722,0.583,0
2.708,0.574,0
2.693,0.551,0
2.678,0.551,0
2.661,0.558,0
2.644,0.55,0
2.626,0.546,0
2.608,0.536,0
2.589,0.528,0
2.57,0.521,0
2.55,0.513,0
2.531,0.505,0
2.511,0.498,0
2.491,0.49,3
2.472,0.482,3
2.452,0.474,3
2.433,0.466,3
2.415,0.457,3
2.397,0.45,3
2.38,0.443,3
2.363,0.436,3
2.348,0.43,3
2.333,0.427,3
2.319,0.425,3
2.307,0.437,3
1.793,0.426,3
1.78,0.418,3
1.768,0.426,3
1.757,0.403,3
1.749,0.397,3
1.745,0.394,3
2.243,0.392,3
2.236,0.39,3
2.229,0.388,3
2.222,0.386,3
2.218,0.387,3
2.212,0.388,3
2.205,0.387,3
2.199,0.504,0
2.192,0.432,3
2.185,0.381,3
2.177,0.38,3
2.165,0.376,3
2.156,0.379,3
2.147,0.428,3
2.137,0.42,3
2.127,0.422,3
2.116,0.452,3
2.105,0.426,3
2.094,0.388,3
2.083,0.39,3
2.072,0.427,3
2.062,0.401,3
2.051,1.407,2
2.04,1.401,2
2.028,1.399,2
2.015,1.4,2
2.002,1.399,2
1.988,1.395,2
1.973,1.391,2
1.958,1.391,2
1.943,1.39,2
1.928,1.387,2
1.912,1.386,2
1.897,1.386,2
1.882,1.382,2
1.867,1.381,2
1.852,1.381,2
1.838,1.381,2
1.824,1.381,2
1.811,1.384,2
1.799,1.383,2
1.787,1.386,2
1.68,1.417,2
1.671,1.384,2
1.745,1.38,2
1.601,1.379,2
1.599,1.38,2
1.605,0.621,0
1.395,0.622,0
1.385,0.629,0
1.369,0.639,0
1.36,0.72,0
1.399,0.744,0
1.408,0.751,0
1.372,0.764,0
1.327,0.889,0
1.317,0.9,0
1.308,0.923,2
1.291,0.937,2
1.277,2.127,2
1.263,2.14,2
1.249,2.153,2
1.235,2.165,2
1.221,2.177,2
1.208,2.191,2
1.195,2.202,2
1.183,2.213,2
1.17,2.222,2
1.158,2.228,2
1.149,2.234,2
1.137,2.243,2
1.128,2.251,2
1.117,2.255,2
1.104,2.263,2
1.091,2.271,2
1.078,2.278,2
1.061,0.785,0
1.045,0.786,0
1.033,0.784,0
1.02,0.755,0
1.008,0.758,0
1.001,0.762,0
0.988,0.762,0
0.974,0.765,0
0.959,0.769,0
0.942,0.769,0
0.921,0.773,0
0.902,0.776,0
0.882,0.78,1
0.863,0.781,1
0.843,0.785,1
0.823,0.789,1
0.803,0.789,1
0.785,0.792,1
0.773,0.797,1
0.77,0.795,1
0.773,0.794,1
0.776,0.793,1
0.778,0.793,1
0.778,0.793,1
0.777,0.792,1
0.777,0.793,1
0.777,0.792,1
0.778,0.792,1
0.778,0.793,1
0.778,0.792,1
0.78,0.788,1
0.78,0.788,1
0.78,0.787,1
0.78,0.786,1
0.78,0.785,1
0.78,0.784,1
0.782,0.783,1
0.782,0.779,1
0.78,0.778,1
0.777,0.776,1
0.776,0.778,1
0.776,0.776,1
0.775,0.775,1
0.775,0.773,1
0.778,0.776,1
0.778,0.798,1
0.776,0.785,1
0.772,0.777,1
0.771,0.776,1
0.77,0.772,1
0.768,0.768,1
0.767,0.77,1
0.766,0.856,1
0.765,0.82,1
0.768,0.817,1
0.767,0.799,1
0.767,0.791,1
0.827,0.789,1
0.789,0.84,1
0.765,0.791,1
0.765,0.781,1
0.768,0.832,1
0.771,0.768,1
0.781,0.762,1
0.851,0.755,1
0.847,0.753,1
0.87,0.75,1
0.904,0.751,0
0.9,0.748,1
1.38,0.758,0
1.384,0.738,0
1.384,0.734,0
1.384,0.737,0
1.38,0.735,0
1.379,0.741,0
1.381,0.737,0
1.378,0.737,0
1.37,0.735,0
1.365,0.733,0
1.35,0.729,0
1.34,0.723,0
1.326,0.722,0
1.306,0.719,0
1.293,0.713,0
1.275,0.714,0
1.257,0.715,0
1.238,0.707,0
1.22,0.697,0
1.202,0.704,0
1.183,0.692,0
1.163,0.698,0
1.144,0.673,0
1.124,0.67,0
1.104,0.664,0
1.084,0.648,0
0.927,0.649,0
0.899,0.638,1
0.879,0.635,1
0.862,0.629,1
0.845,0.615,1
0.829,0.609,1
0.813,0.602,1
0.8,0.608,1
0.794,0.587,1
0.809,0.58,1
0.922,0.583,0
0.923,0.579,0
0.923,0.58,0
0.923,0.58,0
0.921,0.579,0
0.918,0.578,0
0.914,0.577,0
0.907,0.575,0
0.898,0.573,1
0.887,0.57,1
0.873,0.566,1
0.859,0.563,1
0.845,0.558,1
0.833,0.554,1
0.821,0.551,1
0.811,0.548,1
0.805,0.541,1
0.805,0.537,1
0.807,0.536,1
0.808,0.536,1
0.808,0.536,1
0.808,0.535,1
0.808,0.534,1
0.809,0.533,1
0.809,0.529,1
0.81,0.529,1
0.81,0.528,1
0.811,0.528,1
0.811,0.526,1
0.812,0.528,1
0.812,0.527,1
0.811,0.527,1
0.811,0.525,1
0.81,0.53,1
0.809,0.523,1
0.809,0.517,1
0.808,0.512,1
0.808,0.509,1
0.808,0.51,1
0.807,0.509,1
0.806,0.511,1
0.805,0.516,1
0.803,0.514,1
0.803,0.503,1
0.802,0.498,1
0.802,0.492,1
0.802,0.49,1
0.805,0.491,1
0.804,0.49,1
0.798,0.513,1
0.797,0.591,1
0.795,0.515,1
0.794,0.487,1
0.793,0.486,1
0.792,0.486,1
0.791,0.854,1
0.794,0.833,1
0.793,0.822,1
0.831,0.644,1
0.82,0.631,1
0.792,0.625,1
0.792,0.622,1
0.795,0.624,1
0.798,0.502,1
0.801,0.503,1
0.815,0.511,1
0.945,0.513,0
0.944,0.777,0
1.738,0.774,0
1.738,0.772,0
1.737,0.774,0
1.735,0.774,0
1.735,0.774,0
1.733,0.773,0
1.731,0.769,0
1.726,0.767,0
1.719,0.764,0
1.709,0.76,0
1.696,0.757,0
1.682,0.751,0
0.94,0.746,0
0.926,0.74,0
0.908,0.732,0
0.899,0.726,1
0.878,0.718,1
0.866,0.711,1
1.558,0.704,0
0.845,0.697,1
0.832,0.69,1
0.902,0.684,0
0.806,0.682,1
1.483,0.676,0
1.477,0.672,0
1.476,0.672,0
1.476,0.674,0
1.474,0.67,0
1.472,0.67,0
1.47,0.669,0
1.468,0.668,0
0.851,0.67,1
1.465,0.667,0
0.848,0.667,1
1.463,0.672,0
1.462,0.671,0
1.46,0.67,0
1.458,0.665,0
1.457,0.664,0
1.455,0.664,0
1.453,0.663,0
1.452,0.666,0
1.449,0.659,0
0.9,0.661,1
0.898,0.664,1
0.894,0.659,1
1.432,0.653,0
1.425,0.65,0
1.415,0.644,0
1.408,0.641,0
1.4,0.638,0
1.391,0.635,0
1.379,0.631,0
1.366,0.627,0
1.352,0.623,0
1.336,0.619,0
1.322,0.614,0
1.305,0.61,0
1.288,0.605,0
1.27,0.601,0
1.252,0.597,0
1.234,0.593,0
1.215,0.589,0
1.197,0.584,0
1.182,0.579,0
1.164,0.575,0
1.146,0.571,0
1.128,0.566,0
1.111,0.562,0
1.097,0.558,0
1.08,0.554,0
1.066,0.55,0
1.048,0.543,0
1.03,0.539,0
1.009,0.536,0
0.988,0.533,0
0.971,0.53,0
0.954,0.528,0
0.935,0.525,0
0.919,0.523,0
0.899,0.52,1
0.882,0.518,1
0.865,0.515,1
0.848,0.513,1
0.833,0.51,1
0.818,0.507,1
0.806,0.505,1
0.803,0.502,1
0.804,0.501,1
0.806,0.501,1
0.806,0.501,1
0.806,0.501,1
0.805,0.5,1
0.805,0.5,1
0.808,0.499,1
0.809,0.499,1
0.805,0.498,1
0.808,0.497,1
0.814,0.495,1
1.074,0.493,3
1.07,0.49,3
1.069,0.489,3
0.82,0.487,1
1.473,0.485,3
1.472,0.486,3
1.072,0.486,3
1.471,0.486,3
1.471,0.486,3
1.471,0.486,3
1.471,0.486,3
1.47,0.486,3
1.47,0.485,3
1.47,0.485,3
1.468,0.486,3
1.466,0.486,3
1.462,0.486,3
1.458,0.486,3
1.452,0.487,3
1.445,0.488,3
1.437,0.488,3
1.425,0.49,3
1.417,0.491,3
1.412,0.493,3
1.404,0.494,3
1.393,0.496,0
1.385,0.497,0
1.377,0.498,0
1.369,0.5,0
1.363,0.502,0
1.353,0.505,0
1.342,0.509,0
1.33,0.513,0
1.318,0.518,0
1.305,0.523,0
1.293,0.529,0
1.28,0.534,0
1.267,0.54,0
1.252,0.546,0
1.233,0.552,0
1.217,0.558,0
1.199,0.564,0
1.179,0.57,0
1.16,0.576,0
1.141,0.583,0
1.122,0.589,0
1.101,0.595,0
1.085,0.601,0
1.065,0.607,0
1.045,0.613,0
1.026,0.619,0
1.008,0.625,0
0.989,0.63,0
0.971,0.632,0
0.952,0.631,0
0.934,0.634,0
0.879,0.637,1
0.857,0.64,1
0.835,0.644,1
0.816,0.649,1
0.794,0.653,1
0.776,0.661,1
0.762,0.66,1
0.756,0.658,1
0.757,0.652,1
0.76,0.651,1
0.761,0.65,1
0.761,0.65,1
0.76,0.649,1
0.763,0.649,1
0.763,0.648,1
0.767,0.648,1
0.77,0.647,1
1.461,0.646,0
1.461,0.646,0
1.462,0.644,0
1.036,0.644,0
1.035,0.644,0
1.034,0.645,0
1.032,0.646,0
1.031,0.648,0
1.023,0.651,0
1.018,0.656,0
1.012,0.661,0
1.002,0.667,0
0.998,0.674,0
0.989,0.685,0
0.981,0.693,0
0.664,0.702,1
0.641,0.71,1
0.619,0.718,1
0.602,0.724,1
0.586,0.732,1
0.569,0.736,1
0.558,0.737,1
0.548,0.74,1
0.544,0.738,1
0.545,0.736,1
0.549,0.735,1
0.55,0.735,1
0.55,0.735,1
0.549,0.732,1
0.553,0.734,1
1.011,0.733,0
1.012,0.732,0
1.015,0.732,0
1.014,0.731,0
1.023,0.732,0
1.015,0.732,0
1.009,0.733,0
1.005,0.734,0
1.002,0.736,0
0.99,0.736,0
0.976,0.736,0
0.964,0.738,0
0.951,0.739,0
0.943,0.742,0
0.948,0.741,0
0.936,0.738,0
0.886,0.735,1
0.867,0.735,1
0.847,0.734,1
0.831,0.739,1
0.813,0.741,1
0.799,0.746,1
0.787,0.753,1
0.777,0.856,1
0.774,0.854,1
0.775,0.85,1
0.776,0.85,1
0.776,0.849,1
0.776,0.849,1
0.776,0.755,1
0.776,0.75,1
0.775,0.749,1
0.775,0.746,1
0.775,0.745,1
0.775,0.744,1
0.774,0.74,1
0.774,0.738,1
0.774,0.736,1
0.773,0.731,1
0.776,0.732,1
0.776,0.73,1
0.786,0.732,1
0.786,0.372,1
0.775,0.363,1
0.775,0.36,1
0.775,0.355,1
0.778,0.356,1
0.781,0.354,1
0.784,0.735,1
0.804,0.732,1
1.826,0.778,0
1.82,0.349,3
1.817,0.342,3
1.819,0.34,3
1.819,0.34,3
1.818,0.341,3
1.818,0.341,3
1.818,0.341,3
1.818,0.341,3
1.818,0.341,3
1.817,0.341,3
1.817,0.341,3
1.818,0.341,3
1.817,0.34,3
1.816,0.34,3
1.813,0.34,3
1.809,0.341,3
0.95,0.341,3
0.941,0.345,3
0.928,0.356,3
0.921,0.74,0
0.914,0.74,0
0.906,0.734,0
0.905,0.727,0
2.751,0.723,0
2.739,0.355,3
2.726,0.355,3
2.711,0.361,3
2.696,0.367,3
2.68,0.394,3
2.665,0.691,0
2.652,0.687,0
2.638,0.683,0
2.626,0.68,0
2.616,0.676,0
2.603,0.672,0
2.591,0.478,3
2.575,0.664,0
2.555,0.659,0
2.541,0.655,0
2.52,0.552,0
1.493,0.647,0
1.476,0.533,0
1.455,0.571,0
1.433,0.634,0
2.427,0.63,0
1.403,0.626,0
1.96,0.621,0
1.364,0.617,0
1.345,0.613,0
1.324,0.609,0
1.306,0.604,0
1.287,0.6,0
1.272,0.595,0
1.253,0.59,0
1.235,0.586,0
1.216,0.581,0
1.197,0.576,0
1.182,0.572,0
1.161,0.564,0
1.144,0.561,0
1.126,0.558,0
1.108,0.553,0
1.09,0.549,0
1.075,0.545,0
1.054,0.54,0
1.04,0.536,0
0.592,0.531,1
0.587,0.527,1
0.579,0.522,1
0.577,0.517,1
0.573,0.512,1
0.569,0.508,1
1.898,0.503,0
1.897,0.501,0
1.9,0.501,0
1.9,0.501,0
1.898,0.501,0
1.895,0.5,0
1.889,0.499,0
1.879,0.498,0
1.868,0.495,0
1.855,0.493,3
1.84,0.49,3
1.825,0.487,3
1.809,0.484,3
1.793,0.481,3
0.818,0.478,1
0.803,0.475,1
0.788,0.472,1
0.778,0.47,1
0.768,0.468,1
0.755,0.465,1
0.747,0.463,1
0.746,0.459,1
0.747,0.461,1
0.749,0.461,1
0.749,0.461,1
0.749,0.46,1
0.752,0.46,1
0.765,0.46,1
0.756,0.459,1
1.494,0.459,3
1.491,0.458,3
1.488,0.457,3
1.491,0.456,3
1.493,0.456,3
1.489,0.456,3
1.492,0.456,3
1.71,0.456,3
1.495,0.456,3
1.492,0.456,3
1.492,0.456,3
1.492,0.456,3
1.492,0.456,3
1.495,0.456,3
1.709,0.456,3
1.709,0.456,3
1.494,0.456,3
1.708,0.456,3
1.707,0.456,3
1.707,0.456,3
1.707,0.456,3
1.707,0.456,3
1.705,0.456,3
1.702,0.455,3
1.697,0.454,3
1.69,0.453,3
1.683,0.452,3
1.674,0.452,3
1.665,0.451,3
1.655,0.451,3
1.645,0.45,3
1.636,0.449,3
1.626,0.449,3
1.616,0.449,3
1.606,0.45,3
1.596,0.45,3
1.586,0.451,3
1.575,0.452,3
1.565,0.452,3
1.556,0.453,3
1.547,0.454,3
1.537,0.454,3
1.329,0.455,3
1.317,0.457,3
1.312,0.458,3
1.304,0.459,3
1.296,0.461,3
1.29,0.462,3
1.282,0.464,3
1.273,0.466,3
1.447,0.468,3
1.435,0.47,3
1.424,0.472,3
1.413,0.474,3
1.406,0.476,3
1.397,0.478,3
1.387,0.479,3
1.375,0.481,3
1.366,0.483,3
1.356,0.485,3
1.346,0.487,3
1.336,0.489,3
1.326,0.491,3
1.316,0.494,3
1.306,0.496,0
1.296,0.499,0
1.287,0.501,0
1.278,0.504,0
1.267,0.507,0
1.255,0.511,0
1.241,0.516,0
1.226,0.521,0
1.21,0.527,0
1.194,0.533,0
1.178,0.539,0
1.161,0.546,0
1.143,0.553,0
1.125,0.561,0
1.106,0.568,0
1.087,0.576,0
1.068,0.584,0
1.049,0.595,0
1.033,0.599,0
1.014,0.61,0
0.995,0.618,0
0.976,0.627,0
0.957,0.636,0
0.936,0.646,0
0.917,0.655,0
0.899,0.664,1
0.881,0.673,1
0.863,0.683,1
0.846,0.691,1
0.829,0.7,1
0.812,0.708,1
0.797,0.717,1
0.789,0.722,1
0.785,0.726,1
0.782,0.723,1
0.783,0.722,1
0.783,0.728,1
0.783,0.725,1
0.782,0.725,1
0.781,0.724,1
0.781,0.724,1
0.78,0.723,1
0.778,0.719,1
0.777,0.719,1
0.776,0.718,1
0.776,0.717,1
0.775,0.72,1
0.775,0.719,1
0.774,0.726,1
0.777,0.733,1
0.78,1.142,1
0.791,0.725,1
0.777,1.129,1
0.776,0.728,1
0.776,0.791,1
0.775,0.853,1
0.781,0.752,1
0.781,0.817,1
0.799,0.773,1
1.555,0.767,0
1.556,0.765,0
1.557,0.747,0
1.557,0.752,0
0.791,0.755,1
0.786,0.754,1
0.787,0.752,1
0.78,0.748,1
1.53,0.743,0
1.522,0.739,0
1.515,0.735,0
1.509,0.731,0
1.502,0.731,0
1.493,0.727,0
1.483,0.723,0
1.471,0.719,0
1.457,0.714,0
1.443,0.708,0
1.426,0.711,0
1.413,0.705,0
1.396,0.699,0
1.378,0.689,0
1.36,0.683,0
1.338,0.677,0
1.32,0.668,0
1.301,0.658,0
1.285,0.656,0
1.265,0.65,0
1.245,0.648,0
1.225,0.642,0
1.206,0.633,0
1.186,0.627,0
1.167,0.618,0
1.147,0.611,0
1.128,0.605,0
1.109,0.598,0
1.087,0.592,0
1.068,0.586,0
1.05,0.58,0
1.031,0.574,0
1.013,0.567,0
0.995,0.561,0
0.733,0.555,1
0.704,0.549,1
0.682,0.542,1
0.666,0.541,1
0.656,0.534,1
0.886,0.525,1
0.87,0.519,1
0.86,0.507,1
0.859,0.504,1
0.862,0.502,1
0.864,0.502,1
0.864,0.502,1
0.863,0.502,1
0.865,0.501,1
0.865,0.5,1
0.865,0.499,1
0.866,0.498,1
0.866,0.496,1
0.867,0.495,1
0.867,0.495,1
0.867,0.495,1
0.867,0.495,1
0.867,0.494,1
0.868,0.493,1
0.868,0.492,1
0.869,0.491,1
0.869,0.49,1
0.869,0.489,1
0.866,0.488,1
0.865,0.487,1
0.586,0.485,1
0.588,0.483,1
0.87,0.481,1
0.87,0.478,1
0.87,0.476,1
0.87,0.474,1
0.87,0.472,1
0.87,0.47,1
0.87,0.469,1
0.869,0.466,1
0.865,0.463,1
0.864,0.461,1
0.866,0.459,1
0.865,0.456,1
0.864,0.454,1
0.863,0.452,1
0.863,0.451,1
0.865,0.449,1
0.862,0.448,1
0.863,0.45,1
0.853,0.451,1
0.856,0.446,1
0.854,0.445,1
0.853,0.445,1
0.852,0.444,1
0.851,0.448,1
0.851,0.474,1
0.853,0.504,1
0.855,0.538,1
0.857,0.455,1
0.951,0.452,3
0.856,0.452,1
0.901,0.452,3
0.897,0.452,1
0.866,0.456,1
0.869,0.455,1
0.876,0.455,1
0.897,0.455,1
0.896,0.475,1
0.852,0.529,1
0.852,0.529,1
0.852,0.531,1
0.852,0.53,1
0.852,0.873,1
0.855,0.479,1
0.855,1.032,1
0.858,0.468,1
0.868,0.463,1
0.879,0.467,1
3.283,0.469,3
3.281,0.478,3
3.285,0.838,0
3.287,0.833,0
3.287,0.832,0
3.286,0.835,0
3.284,0.834,0
3.28,0.83,0
3.27,0.828,0
3.26,0.511,0
3.251,0.821,0
3.241,0.813,0
3.226,0.81,0
3.207,0.801,0
3.191,0.797,0
3.171,0.788,0
3.156,0.78,0
3.14,0.773,0
3.117,0.768,0
1.001,0.761,0
3.078,0.754,0
3.061,0.746,0
3.037,0.738,0
3.017,0.731,0
2.997,0.72,0
0.908,0.716,0
2.956,0.709,0
0.873,0.701,1
2.916,0.694,0
2.897,0.701,0
2.878,0.691,0
2.86,0.687,0
2.842,0.675,0
2.826,0.667,0
2.81,0.662,0
2.794,0.658,0
2.777,0.655,0
2.761,0.653,0
2.744,0.647,0
2.727,0.653,0
2.709,0.634,0
2.692,0.628,0
2.674,0.621,0
2.657,0.615,0
2.639,0.627,0
2.621,0.603,0
2.604,0.6,0
2.586,0.59,0
2.567,0.583,0
2.549,0.577,0
2.531,0.574,0
2.512,0.564,0
2.493,0.558,0
2.474,0.551,0
2.455,0.545,0
2.437,0.542,0
2.418,0.532,0
2.399,0.534,0
2.381,0.525,0
2.362,0.513,0
2.343,0.507,0
2.324,0.501,0
2.306,0.496,0
1.946,0.491,3
1.931,0.484,3
2.249,0.484,3
2.231,0.481,3
2.213,0.48,3
2.195,0.486,3
2.18,0.485,3
2.164,0.524,0
1.907,0.556,0
1.893,0.492,3
2.12,0.512,0
2.11,0.491,3
1.892,0.482,3
2.084,0.483,3
1.836,0.49,3
1.823,0.588,0
1.814,0.488,3
2.041,0.602,0
2.027,0.628,0
2.018,0.573,0
2.003,0.607,0
1.995,0.613,0
1.98,0.546,0
1.967,0.523,0
1.954,0.522,0
1.941,0.529,0
1.926,1.455,2
1.911,1.447,2
1.894,1.439,2
1.877,1.432,2
1.858,1.429,2
1.841,1.426,2
1.822,1.424,2
1.804,1.421,2
1.786,1.418,2
1.769,1.415,2
1.752,1.415,2
1.734,1.412,2
1.717,1.41,2
1.701,1.408,2
1.686,1.406,2
1.672,1.405,2
1.659,1.41,2
1.653,1.419,2
1.651,1.414,2
1.65,1.412,2
1.649,1.412,2
1.646,1.415,2
1.636,1.411,2
1.629,1.411,2
1.629,1.411,2
1.631,1.412,2
1.627,1.412,2
1.629,1.411,2
1.626,1.412,2
1.628,1.412,2
1.624,1.412,2
1.629,1.412,2
1.604,1.413,2
1.603,1.413,2
1.557,1.413,2
1.556,1.413,2
1.556,1.413,2
1.558,1.413,2
1.558,1.414,2
1.558,1.413,2
1.557,1.414,2
1.556,1.414,2
1.555,1.418,2
1.558,1.419,2
1.554,1.42,2
1.427,0.72,0
1.426,0.718,0
1.423,0.72,0
1.422,0.724,0
1.421,0.721,0
1.417,0.725,0
1.42,0.725,0
1.419,0.723,0
1.421,0.727,0
1.417,0.725,0
1.417,0.728,0
1.543,1.443,2
1.504,0.726,0
1.415,0.727,0
1.413,0.727,0
1.537,0.729,0
1.411,0.727,0
1.417,0.728,0
1.416,0.729,0
1.412,0.73,0
1.411,0.731,0
1.416,0.731,0
1.412,0.732,0
1.411,0.729,0
1.414,0.73,0
1.406,0.731,0
1.407,0.733,0
1.403,0.737,0
1.39,0.744,0
1.38,0.75,0
1.371,0.756,0
1.36,0.769,0
1.35,5.0,2
1.34,2.669,2
1.329,2.657,2
1.321,2.647,2
1.311,2.636,2
1.299,1.327,2
1.315,1.304,2
1.304,1.291,2
1.285,1.281,2
1.274,1.274,2
1.28,1.268,2
1.239,1.258,2
1.222,1.169,2
1.211,1.171,2
1.201,1.174,2
1.191,1.177,2
1.181,1.18,2
1.172,1.18,2
1.159,1.179,2
1.15,0.94,2
1.144,0.947,2
1.135,0.958,2
1.126,1.183,2
1.121,1.184,2
1.107,1.185,2
1.096,1.186,2
1.082,1.189,2
1.072,1.198,2
1.061,2.505,2
1.054,1.007,2
1.044,1.009,2
1.033,1.01,2
1.02,1.015,2
1.005,1.023,2
0.993,1.041,2
0.981,1.029,2
0.973,1.034,2
0.957,1.033,2
0.944,1.003,2
0.931,1.001,2
0.918,1.038,2
0.904,1.039,2
0.894,1.04,1
0.881,1.043,1
0.862,2.575,1
0.847,2.58,1
0.833,4.428,1
0.819,3.743,1
0.811,5.0,1
0.811,1.032,1
0.818,1.027,1
0.821,1.027,1
0.823,1.027,1
0.823,1.027,1
0.823,1.023,1
0.824,1.026,1
0.824,0.982,1
0.824,0.978,1
0.82,0.976,1
0.82,0.972,1
0.82,0.97,1
0.82,0.965,1
0.82,0.964,1
0.821,0.965,1
0.821,0.964,1
0.822,0.962,1
0.823,0.963,1
0.823,0.961,1
0.823,0.955,1
0.822,0.95,1
0.821,0.948,1
0.821,0.946,1
0.82,0.944,1
0.82,0.945,1
0.82,0.944,1
0.823,0.949,1
0.824,0.956,1
0.823,0.958,1
0.819,0.933,1
0.819,0.931,1
0.818,0.928,1
0.817,0.927,1
0.817,0.928,1
0.82,1.016,1
0.82,1.013,1
0.819,1.011,1
0.818,1.009,1
0.813,0.923,1
0.811,0.919,1
0.811,0.992,1
0.81,0.864,1
0.81,0.847,1
0.818,0.84,1
1.224,0.837,0
0.895,0.833,1
0.809,0.83,1
0.807,0.827,1
0.81,0.98,1
0.81,0.983,1
0.811,0.84,1
0.808,0.979,1
0.811,0.978,1
0.818,0.844,1
0.817,0.842,1
0.824,0.842,1
0.886,0.813,1
0.882,0.806,1
0.882,0.8,1
1.224,0.798,0
1.224,0.796,0
1.225,0.793,0
1.226,0.791,0
1.225,0.79,0
1.224,0.79,0
1.221,0.789,0
1.215,0.787,0
1.206,0.784,0
1.196,0.78,0
1.183,0.774,0
1.169,0.768,0
1.153,0.762,0
1.136,0.755,0
1.118,0.748,0
1.1,0.741,0
1.081,0.734,0
1.063,0.727,0
1.044,0.719,0
1.025,0.712,0
1.006,0.705,0
0.986,0.697,0
0.967,0.689,0
0.947,0.681,0
0.928,0.674,0
0.868,0.666,1
0.852,0.658,1
0.835,0.65,1
0.85,0.643,1
0.808,0.635,1
0.801,0.625,1
0.801,0.621,1
0.795,0.622,1
0.798,0.624,1
0.802,0.617,1
0.804,0.618,1
0.807,0.618,1
0.803,0.617,1
0.804,0.617,1
0.804,0.612,1
0.804,0.612,1
0.804,0.611,1
0.804,0.61,1
0.804,0.609,1
0.804,0.607,1
0.804,0.605,1
0.804,0.596,1
0.804,0.594,1
0.804,0.589,1
0.804,0.584,1
0.805,0.583,1
0.806,0.581,1
0.807,0.579,1
0.808,0.581,1
0.807,0.58,1
0.807,0.58,1
0.807,0.58,1
0.807,0.58,1
0.807,0.58,1
0.807,0.579,1
0.807,0.582,1
0.808,0.581,1
0.808,0.579,1
0.808,0.574,1
0.808,0.572,1
0.808,0.571,1
0.808,0.569,1
0.807,0.567,1
0.808,0.565,1
0.808,0.563,1
0.808,0.563,1
0.808,0.563,1
0.808,0.563,1
0.808,0.562,1
0.807,0.562,1
0.807,0.564,1
0.806,0.568,1
0.805,0.566,1
0.805,0.567,1
0.804,0.557,1
0.803,0.552,1
0.803,0.55,1
0.802,0.548,1
0.802,0.543,1
0.806,0.545,1
0.806,0.543,1
0.804,0.542,1
0.8,0.592,1
0.798,0.564,1
0.796,0.543,1
0.795,0.539,1
0.794,0.538,1
0.793,0.541,1
0.793,0.61,1
0.793,0.842,1
0.795,0.825,1
0.817,0.703,1
0.833,0.572,1
0.794,0.674,1
0.794,0.569,1
0.797,0.851,1
0.8,0.556,1
0.817,0.57,1
0.825,0.569,1
1.696,0.572,0
1.699,0.574,0
0.975,0.776,0
0.968,0.776,0
1.698,0.775,0
1.7,0.774,0
1.696,0.774,0
1.694,0.771,0
1.69,0.769,0
1.683,0.766,0
0.948,0.766,0
0.948,0.762,0
0.931,0.756,0
0.913,0.752,0
1.615,0.745,0
1.598,0.735,0
1.58,0.729,0
1.561,0.726,0
1.544,0.715,0
0.881,0.708,1
0.886,0.704,1
1.484,0.697,0
1.468,0.686,0
1.444,0.682,0
0.881,0.675,1
0.86,0.665,1
1.395,0.659,0
0.867,0.653,1
1.36,0.647,0
1.344,0.641,0
1.335,0.639,0
1.331,0.64,0
1.328,0.636,0
1.327,0.658,0
1.324,0.636,0
1.321,0.635,0
0.886,0.634,1
1.316,0.633,0
1.314,0.632,0
1.316,0.632,0
1.313,0.637,0
1.311,0.634,0
1.311,0.633,0
1.306,0.65,0
1.303,0.632,0
1.3,0.628,0
1.298,0.627,0
1.296,0.626,0
1.295,0.625,0
1.293,0.625,0
1.291,0.624,0
1.286,0.623,0
1.287,0.622,0
1.282,0.622,0
1.278,0.623,0
1.275,0.625,0
1.266,0.633,0
0.846,0.612,1
0.832,0.608,1
1.226,0.602,0
1.207,0.597,0
1.191,0.591,0
0.835,0.583,1
1.158,0.582,0
1.144,0.578,0
1.134,0.575,0
1.121,0.568,0
1.108,0.564,0
1.096,0.559,0
0.781,0.552,1
0.766,0.547,1
0.596,0.543,1
1.04,0.534,0
0.586,0.529,1
0.823,0.524,1
0.802,0.52,1
0.987,0.516,0
0.766,0.51,1
0.762,0.507,1
0.762,0.506,1
0.759,0.506,1
0.759,0.506,1
0.761,0.505,1
0.98,0.504,0
0.983,0.504,0
0.972,0.503,0
0.971,0.502,0
0.97,0.501,0
0.969,0.501,0
0.967,0.501,0
0.966,0.501,0
0.964,0.501,0
0.961,0.5,0
0.951,0.499,0
0.943,0.498,0
0.882,0.497,1
0.865,0.495,1
0.906,0.494,3
0.892,0.493,1
0.876,0.491,1
0.866,0.489,1
0.855,0.489,1
0.844,0.488,1
0.835,0.487,1
0.834,0.486,1
0.835,0.484,1
0.836,0.483,1
0.836,0.483,1
0.836,0.482,1
0.836,0.482,1
0.836,0.481,1
0.839,0.48,1
0.842,0.479,1
1.461,0.477,3
1.111,0.476,3
1.11,0.474,3
1.109,0.473,3
1.104,0.472,3
1.102,0.472,3
1.105,0.472,3
1.105,0.472,3
1.101,0.472,3
1.101,0.472,3
1.103,0.472,3
1.102,0.472,3
1.105,0.472,3
1.098,0.473,3
1.5,0.473,3
1.493,0.474,3
1.486,0.475,3
1.479,0.476,3
1.468,0.478,3
1.46,0.48,3
1.456,0.481,3
1.447,0.483,3
1.436,0.484,3
1.427,0.486,3
1.419,0.488,3
1.412,0.49,3
1.406,0.492,3
1.397,0.494,3
1.389,0.497,0
1.315,0.499,0
1.304,0.502,0
1.299,0.504,0
1.358,0.508,0
1.349,0.512,0
1.339,0.516,0
1.329,0.521,0
1.318,0.527,0
1.306,0.533,0
1.295,0.539,0
1.284,0.545,0
1.266,0.552,0
1.248,0.559,0
1.233,0.566,0
1.212,0.573,0
1.164,0.58,0
1.145,0.587,0
1.123,0.594,0
1.103,0.601,0
1.081,0.608,0
1.061,0.616,0
1.043,0.623,0
1.024,0.63,0
1.005,0.637,0
0.985,0.645,0
0.966,0.652,0
0.947,0.659,0
0.928,0.664,0
0.91,0.668,0
0.893,0.675,1
0.874,0.683,1
0.856,0.689,1
0.837,0.69,1
0.822,0.691,1
1.091,0.693,0
1.088,0.694,0
1.442,0.697,0
1.44,0.695,0
1.445,0.695,0
1.444,0.696,0
1.442,0.697,0
1.439,0.698,0
1.437,0.699,0
1.436,0.699,0
1.435,0.699,0
1.43,0.7,0
1.427,0.701,0
1.422,0.703,0
1.056,0.706,0
1.047,0.709,0
1.041,0.714,0
1.031,0.72,0
1.026,0.726,0
1.018,0.733,0
1.01,0.74,0
0.667,0.747,1
0.645,0.755,1
0.625,0.763,1
0.609,0.77,1
0.593,0.778,1
0.575,0.785,1
0.565,0.788,1
0.554,0.783,1
0.548,0.776,1
0.549,0.774,1
0.553,0.774,1
0.556,0.771,1
0.563,0.77,1
0.569,0.769,1
0.569,0.769,1
0.998,0.768,0
0.995,0.768,0
0.995,0.767,0
0.994,0.766,0
0.996,0.766,0
0.995,0.766,0
0.99,0.766,0
0.985,0.765,0
0.978,0.764,0
0.968,0.763,0
0.956,0.766,0
0.942,0.765,0
0.928,0.768,0
0.913,0.768,0
0.898,0.771,1
0.882,0.771,1
0.865,0.77,1
0.848,0.764,1
0.832,0.765,1
0.816,0.766,1
0.802,0.767,1
0.786,0.768,1
0.781,0.768,1
0.782,0.769,1
0.783,0.768,1
0.785,0.77,1
0.785,0.768,1
0.784,0.767,1
0.784,0.868,1
0.783,0.87,1
0.783,0.87,1
0.782,0.869,1
0.78,0.771,1
0.779,0.766,1
0.778,0.76,1
0.777,0.754,1
0.776,0.749,1
0.776,0.747,1
0.776,0.746,1
0.777,0.748,1
0.777,0.747,1
0.78,0.747,1
0.78,0.747,1
0.779,0.746,1
0.785,0.391,1
1.556,0.386,3
0.828,0.374,1
0.782,0.372,1
0.777,0.371,1
0.776,0.366,1
0.775,0.364,1
0.774,0.366,1
0.776,0.375,1
0.779,0.746,1
0.796,0.75,1
1.807,0.364,3
1.799,0.354,3
1.798,0.352,3
0.944,0.35,3
1.795,0.35,3
0.935,0.35,3
0.942,0.35,3
1.794,0.35,3
1.794,0.35,3
0.938,0.35,3
0.937,0.35,3
0.937,0.35,3
0.943,0.35,3
0.939,0.35,3
0.933,0.35,3
0.936,0.35,3
0.936,0.35,3
0.932,0.35,3
0.935,0.35,3
0.935,0.35,3
0.935,0.35,3
0.935,0.35,3
0.931,0.35,3
0.935,0.35,3
0.931,0.353,3
0.933,0.353,3
0.93,0.744,0
0.923,0.743,0
0.915,0.743,0
0.909,0.74,0
0.902,0.74,0
0.893,0.733,1
0.886,0.726,1
1.717,0.376,3
1.704,0.371,3
2.695,0.372,3
2.682,0.377,3
2.672,0.396,3
2.659,0.692,0
2.647,0.688,0
2.636,0.684,0
2.625,0.68,0
2.616,0.46,3
2.608,0.674,0
2.598,0.461,3
2.586,0.469,3
2.579,0.662,0
2.562,0.658,0
2.552,0.655,0
2.538,0.651,0
1.498,0.647,0
1.48,0.644,0
1.465,0.511,0
1.449,0.527,0
1.429,0.633,0
1.414,0.626,0
1.396,0.582,0
1.378,0.584,0
1.359,0.613,0
1.344,0.614,0
1.325,0.611,0
1.306,0.607,0
2.287,0.603,0
2.266,0.599,0
2.245,0.595,0
2.224,0.591,0
2.204,0.585,0
2.184,0.582,0
2.164,0.579,0
2.145,0.578,0
2.126,0.575,0
2.108,0.572,0
2.089,0.569,0
2.07,0.566,0
2.051,0.563,0
2.032,0.559,0
2.013,0.556,0
1.995,0.553,0
1.976,0.549,0
1.957,0.546,0
1.939,0.542,0
1.92,0.538,0
1.902,0.534,0
1.884,0.53,0
0.592,0.527,1
0.587,0.523,1
0.583,0.519,1
0.576,0.515,1
0.575,0.511,1
0.572,0.507,1
0.568,0.504,1
0.803,0.5,1
0.801,0.498,1
0.802,0.497,1
0.802,0.497,1
0.802,0.496,1
0.802,0.496,1
0.802,0.496,1
0.802,0.495,1
0.802,0.494,1
0.804,0.493,1
1.542,0.492,3
1.542,0.491,3
1.545,0.49,3
1.754,0.489,3
1.754,0.489,3
1.753,0.489,3
1.753,0.489,3
1.754,0.489,3
1.753,0.489,3
1.752,0.488,3
1.749,0.488,3
1.745,0.487,3
0.589,0.487,1
0.59,0.486,1
0.59,0.486,1
1.715,0.484,3
1.706,0.483,3
1.697,0.482,3
1.69,0.481,3
1.684,0.48,3
1.677,0.48,3
1.47,0.48,3
1.663,0.48,3
1.453,0.481,3
1.449,0.481,3
1.435,0.482,3
1.428,0.483,3
1.417,0.485,3
1.415,0.486,3
1.417,0.488,3
1.592,0.49,3
1.581,0.492,3
1.571,0.494,3
1.56,0.496,0
1.55,0.497,0
1.54,0.499,0
1.529,0.502,0
1.518,0.504,0
1.505,0.507,0
1.491,0.511,0
1.476,0.515,0
1.46,0.52,0
1.443,0.524,0
1.426,0.53,0
1.408,0.535,0
1.39,0.541,0
1.372,0.546,0
1.354,0.553,0
1.336,0.558,0
1.318,0.564,0
1.3,0.57,0
1.282,0.576,0
1.264,0.583,0
1.245,0.589,0
1.225,0.595,0
1.206,0.601,0
1.186,0.608,0
1.167,0.614,0
1.147,0.621,0
1.131,0.627,0
1.111,0.633,0
1.091,0.64,0
1.072,0.646,0
1.052,0.653,0
1.03,0.659,0
1.011,0.663,0
0.991,0.67,0
0.972,0.682,0
0.952,0.686,0
0.933,0.693,0
0.914,0.7,0
0.895,0.707,1
0.876,0.714,1
0.857,0.721,1
0.838,0.728,1
0.819,0.735,1
0.801,0.742,1
0.785,0.747,1
0.776,0.748,1
0.777,0.746,1
0.78,0.744,1
0.78,0.744,1
0.78,0.744,1
0.779,0.744,1
0.779,0.744,1
0.779,0.743,1
0.779,0.743,1
0.778,0.743,1
0.778,0.743,1
0.778,0.743,1
0.778,0.742,1
0.778,0.742,1
0.78,0.741,1
0.779,0.744,1
0.774,0.743,1
0.773,0.748,1
0.772,0.743,1
0.771,0.738,1
0.77,0.737,1
0.769,0.737,1
0.768,0.739,1
0.767,0.739,1
0.766,0.743,1
0.766,0.749,1
0.771,1.151,1
0.875,0.746,1
0.818,0.789,1
0.768,0.784,1
0.767,0.783,1
0.767,0.784,1
0.77,0.81,1
0.773,0.769,1
0.786,0.763,1
0.797,0.756,1
1.543,0.753,0
1.544,0.749,0
0.78,0.746,1
1.544,0.743,0
1.543,0.745,0
1.541,0.741,0
1.54,0.741,0
1.539,0.741,0
1.538,0.74,0
1.534,0.739,0
1.527,0.737,0
1.518,0.733,0
1.506,0.729,0
1.492,0.724,0
1.478,0.718,0
1.463,0.712,0
1.446,0.709,0
1.43,0.702,0
1.415,0.696,0
1.397,0.692,0
1.375,0.686,0
1.356,0.676,0
1.337,0.67,0
1.322,0.667,0
1.3,0.657,0
1.281,0.651,0
1.265,0.644,0
1.246,0.638,0
1.226,0.632,0
1.206,0.625,0
1.184,0.619,0
1.164,0.611,0
1.144,0.604,0
1.124,0.598,0
1.108,0.59,0
1.085,0.584,0
1.066,0.58,0
1.048,0.577,0
1.029,0.567,0
1.01,0.561,0
0.755,0.555,1
0.712,0.551,1
0.684,0.542,1
0.669,0.536,1
0.658,0.529,1
0.655,0.52,1
0.886,0.515,1
0.88,0.506,1
0.57,0.504,1
0.568,0.504,1
0.565,0.505,1
0.887,0.505,1
0.886,0.504,1
0.565,0.503,1
0.886,0.502,1
0.889,0.501,1
0.889,0.501,1
0.889,0.5,1
0.888,0.5,1
0.889,0.499,1
0.889,0.498,1
0.889,0.497,1
0.889,0.495,1
0.89,0.494,1
0.89,0.493,1
0.891,0.491,1
0.891,0.49,1
0.888,0.489,1
0.584,0.486,1
0.891,0.484,1
0.893,0.482,1
0.892,0.48,1
0.892,0.479,1
0.893,0.477,1
0.892,0.475,1
0.892,0.473,1
0.892,0.472,1
0.893,0.47,1
0.895,0.467,1
0.887,0.464,1
0.89,0.461,1
0.889,0.459,1
0.888,0.457,1
0.887,0.455,1
0.887,0.453,1
0.886,0.451,1
0.889,0.45,1
0.882,0.452,1
0.887,0.463,1
0.877,0.451,1
0.88,0.447,1
0.879,0.446,1
0.878,0.446,1
0.876,0.445,1
0.876,0.448,1
0.878,0.475,1
0.877,0.504,1
0.879,0.553,1
0.887,0.453,1
0.899,0.457,1
0.877,0.545,1
0.873,0.539,1
0.876,1.053,1
0.882,0.47,1
0.892,0.469,1
3.287,0.474,3
3.284,0.481,3
3.284,0.858,0
3.285,0.855,0
3.285,0.851,0
3.288,0.851,0
3.291,0.851,0
3.285,0.851,0
3.278,0.848,0
3.266,0.845,0
3.256,0.843,0
3.244,0.835,0
3.23,0.832,0
3.215,0.822,0
3.202,0.817,0
3.187,0.593,0
3.163,0.8,0
3.144,0.792,0
3.126,0.788,0
1.022,0.777,0
3.09,0.769,0
3.067,0.765,0
3.051,0.758,0
3.031,0.75,0
0.949,0.74,0
0.929,0.732,0
0.91,0.728,0
2.954,0.718,0
2.935,0.714,0
2.916,0.723,0
2.898,0.714,0
2.88,0.704,0
2.862,0.697,0
2.844,0.689,0
2.826,0.683,0
2.808,0.675,0
2.79,0.686,0
2.771,0.666,0
2.752,0.663,0
2.733,0.673,0
2.714,0.649,0
2.696,0.643,0
2.678,0.636,0
2.659,0.63,0
2.641,0.622,0
2.622,0.613,0
2.601,0.609,0
2.582,0.599,0
2.566,0.596,0
2.547,0.587,0
2.526,0.58,0
2.507,0.574,0
2.488,0.567,0
2.47,0.561,0
2.452,0.557,0
2.434,0.551,0
2.415,0.543,0
2.397,0.537,0
2.378,0.527,0
2.36,0.523,0
2.342,0.535,0
2.323,0.524,0
2.305,0.506,0
2.287,0.503,0
1.923,0.492,3
1.9,0.487,3
1.887,0.483,3
2.211,0.48,3
2.193,0.478,3
2.176,0.479,3
2.159,0.497,0
2.143,0.486,3
2.127,0.503,0
2.112,0.514,0
2.098,0.492,3
2.084,0.479,3
2.071,0.483,3
1.813,0.63,0
1.796,0.482,3
1.789,0.621,0
1.782,0.625,0
1.77,0.597,0
2.001,0.601,0
1.788,0.605,0
1.771,0.571,0
1.964,0.544,0
1.952,0.579,0
1.941,0.522,0
1.927,0.53,0
1.91,0.516,0
1.893,1.428,2
1.876,1.419,2
1.859,1.413,2
1.84,1.405,2
1.82,1.4,2
1.801,1.398,2
1.782,1.394,2
1.763,1.389,2
1.745,1.386,2
1.727,1.381,2
1.633,1.38,2
1.693,1.384,2
1.678,1.412,2
1.663,1.378,2
1.649,1.372,2
1.569,1.369,2
1.559,1.367,2
1.578,1.364,2
1.547,1.361,2
1.555,1.358,2
1.45,1.362,2
1.369,2.692,2
1.358,2.689,2
1.342,2.686,2
1.332,0.753,0
1.347,0.761,0
1.333,0.772,0
1.307,0.775,0
1.3,0.785,0
1.292,0.856,0
1.284,0.935,2
1.276,2.253,2
1.265,1.319,2
1.254,1.324,2
1.245,1.336,2
1.234,2.293,2
1.226,0.832,0
1.211,0.834,0
1.197,0.839,0
1.182,0.843,0
1.163,0.847,0
1.147,0.854,0
1.131,0.86,0
1.115,2.358,2
1.098,2.365,2
1.081,2.372,2
1.064,0.875,0
1.047,0.883,0
1.031,0.891,0
1.014,2.401,2
0.997,2.407,2
0.98,0.895,0
0.966,0.897,0
0.948,0.903,2
0.932,0.908,2
0.915,0.913,2
0.899,0.916,1
0.883,0.922,1
0.867,0.927,1
0.851,0.932,1
0.836,0.938,1
0.822,0.917,1
0.816,0.903,1
0.817,0.897,1
0.817,0.891,1
0.822,0.89,1
0.822,0.894,1
0.822,0.89,1
0.818,0.89,1
0.817,0.89,1
0.816,0.889,1
0.816,0.888,1
0.814,0.887,1
0.814,0.886,1
0.813,0.885,1
0.812,0.884,1
0.815,0.889,1
0.815,0.978,1
0.815,0.898,1
0.813,0.97,1
0.812,0.881,1
0.807,0.877,1
0.806,0.877,1
0.805,0.901,1
0.804,0.963,1
0.803,0.871,1
0.805,0.954,1
0.805,0.887,1
0.807,0.837,1
0.823,0.834,1
0.874,0.83,1
0.806,0.822,1
0.802,0.819,1
0.804,0.818,1
0.807,0.814,1
0.813,0.826,1
0.881,0.798,1
0.892,0.792,1
0.893,0.788,1
0.895,0.785,1
1.265,0.782,0
1.269,0.779,0
1.27,0.786,0
1.27,0.774,0
1.268,0.769,0
1.265,0.776,0
1.259,0.789,0
1.251,0.776,0
1.241,0.77,0
1.229,0.766,0
1.215,0.754,0
1.2,0.752,0
1.076,0.747,0
1.057,0.741,0
1.041,0.739,0
1.025,0.727,0
1.11,0.725,0
1.004,0.719,0
1.071,0.713,0
1.051,0.71,0
1.031,0.708,0
1.012,0.692,0
0.992,0.689,0
0.972,0.687,0
0.95,0.674,0
0.934,0.671,0
0.915,0.665,0
0.893,0.66,1
0.874,0.654,1
0.856,0.648,1
0.837,0.645,1
0.818,0.632,1
0.801,0.634,1
0.786,0.619,1
0.778,0.608,1
0.779,0.603,1
0.782,0.602,1
0.784,0.602,1
0.784,0.603,1
0.784,0.602,1
0.784,0.602,1
0.783,0.601,1
0.783,0.596,1
0.783,0.595,1
0.784,0.594,1
0.784,0.592,1
0.784,0.59,1
0.785,0.589,1
0.786,0.588,1
0.786,0.587,1
0.785,0.59,1
0.784,0.584,1
0.784,0.578,1
0.783,0.576,1
0.783,0.574,1
0.783,0.572,1
0.783,0.57,1
0.782,0.572,1
0.781,0.577,1
0.78,0.568,1
0.779,0.562,1
0.778,0.557,1
0.777,0.555,1
0.776,0.553,1
0.779,0.555,1
0.779,0.553,1
0.773,0.552,1
0.771,0.564,1
0.769,0.552,1
0.767,0.551,1
0.765,0.551,1
0.763,0.55,1
0.762,0.578,1
0.761,0.588,1
0.763,0.798,1
0.766,0.686,1
0.779,0.586,1
0.765,0.681,1
0.761,0.663,1
0.76,0.775,1
0.763,0.813,1
0.766,0.567,1
0.776,0.572,1
0.794,0.577,1
1.65,0.75,0
1.665,0.743,0
1.664,0.741,0
1.664,0.738,0
0.934,0.736,0
0.925,0.736,0
0.917,0.734,0
0.873,0.731,1
0.91,0.727,0
0.892,0.722,1
0.887,0.716,1
0.871,0.71,1
0.856,0.703,1
1.556,0.697,0
1.547,0.692,0
1.536,0.691,0
1.533,0.687,0
1.533,0.686,0
1.531,0.686,0
1.529,0.685,0
1.527,0.685,0
1.524,0.684,0
1.523,0.683,0
1.522,0.682,0
0.904,0.682,0
0.9,0.68,1
0.892,0.676,1
1.492,0.672,0
1.479,0.668,0
0.851,0.666,1
0.844,0.661,1
1.439,0.657,0
0.88,0.655,1
1.415,0.651,0
1.407,0.643,0
1.396,0.636,0
1.385,0.632,0
1.374,0.629,0
1.36,0.622,0
1.348,0.618,0
0.885,0.613,1
1.315,0.608,0
1.302,0.604,0
1.287,0.598,0
1.269,0.593,0
1.252,0.588,0
1.235,0.583,0
1.219,0.579,0
1.203,0.575,0
1.187,0.57,0
0.867,0.565,1
1.154,0.561,0
1.14,0.556,0
1.123,0.552,0
1.106,0.547,0
1.09,0.543,0
1.074,0.539,0
1.06,0.535,0
1.049,0.532,0
1.037,0.528,0
1.021,0.521,0
1.006,0.518,0
0.986,0.516,0
0.967,0.513,0
0.826,0.51,1
0.93,0.508,0
0.855,0.506,1
0.898,0.503,1
0.879,0.501,1
0.863,0.499,1
0.848,0.496,1
0.834,0.494,1
0.824,0.493,1
0.821,0.49,1
0.827,0.49,1
0.828,0.49,1
0.829,0.49,1
0.829,0.49,1
0.828,0.489,1
0.828,0.489,1
0.828,0.488,1
0.831,0.487,1
0.828,0.486,1
0.832,0.485,1
0.831,0.484,1
0.834,0.483,1
1.447,0.482,3
1.101,0.481,3
1.101,0.48,3
1.1,0.479,3
1.1,0.479,3
1.096,0.48,3
1.095,0.479,3
1.098,0.48,3
1.095,0.479,3
1.092,0.48,3
1.086,0.48,3
1.077,0.48,3
0.823,0.481,1
1.473,0.481,3
1.464,0.482,3
1.455,0.483,3
1.446,0.484,3
1.438,0.484,3
1.428,0.485,3
1.421,0.486,3
1.414,0.487,3
1.41,0.488,3
1.403,0.49,3
1.395,0.491,3
1.387,0.493,3
1.379,0.494,3
1.371,0.496,0
1.366,0.497,0
1.355,0.499,0
1.279,0.502,0
1.274,0.504,0
1.33,0.508,0
1.32,0.512,0
1.31,0.517,0
1.298,0.522,0
1.286,0.528,0
1.275,0.534,0
1.264,0.54,0
1.246,0.547,0
1.228,0.554,0
1.21,0.561,0
1.191,0.568,0
1.172,0.575,0
1.156,0.582,0
1.101,0.589,0
1.082,0.596,0
1.06,0.603,0
1.04,0.61,0
1.021,0.618,0
1.002,0.625,0
0.982,0.632,0
0.963,0.64,0
0.945,0.647,0
0.926,0.651,0
0.907,0.655,0
0.889,0.669,1
0.871,0.671,1
0.853,0.676,1
0.835,0.674,1
0.821,0.675,1
1.085,0.68,0
1.469,0.68,0
1.467,0.678,0
1.471,0.676,0
1.471,0.676,0
1.47,0.677,0
1.468,0.678,0
1.463,0.68,0
1.456,0.682,0
1.065,0.685,0
1.056,0.69,0
1.049,0.695,0
1.038,0.701,0
1.029,0.707,0
0.714,0.715,1
0.695,0.723,1
0.672,0.734,1
0.653,0.742,1
0.639,0.75,1
0.625,0.757,1
0.612,0.764,1
0.601,0.767,1
0.595,0.766,1
0.595,0.765,1
0.596,0.761,1
0.597,0.76,1
0.6,0.76,1
0.6,0.759,1
0.603,0.758,1
1.056,0.757,0
1.062,0.756,0
1.062,0.755,0
1.424,0.754,0
1.422,0.754,0
1.421,0.755,0
1.597,0.757,0
1.054,0.758,0
1.595,0.76,0
1.586,0.763,0
1.066,0.767,0
1.219,0.772,0
1.205,0.779,0
0.993,0.782,0
0.976,0.782,0
0.96,0.781,0
0.941,0.781,0
0.925,0.775,0
0.909,0.776,0
0.889,0.777,1
0.872,0.779,1
0.856,0.781,1
0.839,0.784,1
0.822,0.791,1
0.806,0.901,1
0.792,0.902,1
0.779,0.901,1
0.771,0.805,1
0.769,0.8,1
0.77,0.799,1
0.77,0.798,1
0.77,0.794,1
0.77,0.793,1
0.769,0.792,1
0.769,0.791,1
0.769,0.791,1
0.769,0.79,1
0.769,0.789,1
0.768,0.789,1
0.768,0.789,1
0.768,0.788,1
0.768,0.787,1
0.768,0.405,1
0.768,0.397,1
0.77,0.393,1
0.77,0.392,1
0.776,0.39,1
0.784,0.389,1
0.773,0.384,1
0.769,0.386,1
0.768,0.411,1
0.768,0.782,1
0.77,0.43,1
0.774,0.808,1
0.784,0.379,1
1.772,0.372,3
1.768,0.369,3
0.915,0.367,3
0.917,0.747,0
0.912,0.745,0
0.912,0.745,0
0.908,0.746,0
0.908,0.746,0
0.911,0.746,0
0.912,0.745,0
0.905,0.743,0
0.899,0.74,1
0.888,0.736,1
0.879,0.732,1
0.871,0.726,1
0.856,0.393,1
0.849,0.379,1
1.673,0.382,3
1.669,0.386,3
2.672,0.392,3
2.672,0.701,0
2.075,0.404,3
1.671,0.398,3
2.075,0.402,3
2.67,0.43,3
2.666,0.428,3
2.662,0.697,0
2.655,0.695,0
2.648,0.689,0
2.64,0.685,0
2.63,0.682,0
2.62,0.678,0
2.403,0.675,0
2.389,0.481,3
2.585,0.667,0
2.569,0.663,0
2.549,0.659,0
2.325,0.555,0
1.5,0.65,0
1.479,0.536,0
1.458,0.642,0
1.44,0.638,0
1.421,0.633,0
1.412,0.628,0
2.395,0.624,0
1.367,0.619,0
1.348,0.615,0
1.326,0.61,0
1.309,0.606,0
1.286,0.601,0
1.27,0.597,0
1.264,0.592,0
1.248,0.587,0
1.214,0.582,0
1.989,0.578,0
1.97,0.571,0
2.159,0.567,0
1.933,0.565,0
1.917,0.561,0
1.895,0.557,0
1.105,0.553,0
1.088,0.549,0
2.044,0.545,0
2.024,0.541,0
2.004,0.537,0
1.984,0.533,0
1.964,0.529,0
1.943,0.525,0
1.924,0.521,0
1.904,0.517,0
1.885,0.513,0
0.575,0.51,1
0.575,0.506,1
1.828,0.502,0
0.574,0.498,1
1.79,0.494,3
1.773,0.491,3
0.803,0.488,1
0.787,0.485,1
0.776,0.482,1
0.765,0.48,1
0.763,0.478,1
0.766,0.479,1
0.766,0.478,1
0.766,0.478,1
0.766,0.477,1
0.765,0.477,1
0.765,0.473,1
0.767,0.476,1
0.767,0.475,1
0.767,0.474,1
0.779,0.473,1
1.512,0.472,3
1.505,0.471,3
1.514,0.47,3
1.726,0.468,3
1.725,0.468,3
1.724,0.469,3
1.724,0.469,3
1.724,0.469,3
1.724,0.469,3
1.724,0.469,3
1.724,0.469,3
1.723,0.469,3
1.723,0.469,3
1.723,0.468,3
1.723,0.468,3
1.723,0.469,3
1.723,0.468,3
1.722,0.468,3
1.72,0.468,3
0.569,0.468,1
1.711,0.467,3
1.704,0.466,3
1.696,0.466,3
0.57,0.465,1
1.68,0.464,3
1.672,0.463,3
1.663,0.463,3
1.655,0.462,3
1.647,0.461,3
1.639,0.461,3
1.426,0.461,3
1.415,0.462,3
1.413,0.462,3
1.603,0.463,3
1.593,0.464,3
1.38,0.465,3
1.371,0.466,3
1.363,0.467,3
1.355,0.469,3
1.347,0.471,3
1.34,0.472,3
1.332,0.474,3
1.515,0.476,3
1.505,0.478,3
1.494,0.479,3
1.484,0.481,3
1.473,0.482,3
1.464,0.484,3
1.454,0.486,3
1.444,0.488,3
1.434,0.49,3
1.424,0.492,3
1.415,0.494,3
1.406,0.497,0
1.397,0.499,0
1.387,0.502,0
1.377,0.505,0
1.366,0.508,0
1.354,0.512,0
1.34,0.517,0
1.326,0.523,0
1.311,0.528,0
1.298,0.534,0
1.279,0.541,0
1.262,0.549,0
1.245,0.556,0
1.227,0.565,0
1.209,0.571,0
1.192,0.579,0
1.174,0.587,0
1.156,0.595,0
1.141,0.603,0
1.122,0.611,0
1.103,0.619,0
1.084,0.627,0
1.065,0.636,0
1.043,0.645,0
1.024,0.651,0
1.006,0.662,0
0.988,0.67,0
0.97,0.678,0
0.952,0.687,0
0.933,0.696,0
0.915,0.705,0
0.897,0.714,1
0.878,0.722,1
0.86,0.73,1
0.843,0.738,1
0.825,0.746,1
0.809,0.753,1
0.794,0.759,1
0.785,0.762,1
0.784,0.76,1
0.787,0.759,1
0.788,0.758,1
0.789,0.758,1
0.788,0.758,1
0.788,0.758,1
0.791,0.758,1
0.791,0.757,1
0.789,0.757,1
0.785,0.759,1
0.784,0.758,1
0.783,0.766,1
0.783,0.76,1
0.782,0.759,1
0.782,0.759,1
0.781,0.755,1
0.78,0.755,1
0.779,0.754,1
0.777,0.754,1
0.776,0.754,1
0.775,0.757,1
0.774,0.757,1
0.774,0.76,1
0.773,0.764,1
0.776,0.794,1
0.778,0.803,1
0.783,0.763,1
0.826,0.795,1
0.776,0.792,1
0.775,0.769,1
0.775,0.789,1
0.778,0.805,1
0.778,0.775,1
0.784,0.768,1
0.805,0.765,1
1.529,0.762,0
1.531,0.758,0
0.791,0.756,1
1.532,0.753,0
1.53,0.752,0
1.529,0.751,0
1.528,0.751,0
1.528,0.751,0
1.527,0.75,0
1.527,0.75,0
1.525,0.75,0
1.521,0.748,0
1.514,0.745,0
1.504,0.742,0
1.493,0.738,0
1.48,0.732,0
1.465,0.726,0
1.45,0.72,0
1.433,0.714,0
1.416,0.706,0
1.397,0.7,0
1.379,0.693,0
1.361,0.686,0
1.342,0.679,0
1.323,0.673,0
1.304,0.666,0
1.285,0.658,0
1.267,0.652,0
1.248,0.645,0
1.229,0.638,0
1.209,0.631,0
1.19,0.624,0
1.17,0.617,0
1.151,0.609,0
1.132,0.602,0
1.114,0.595,0
1.096,0.587,0
1.078,0.58,0
1.06,0.573,0
1.042,0.566,0
1.024,0.559,0
1.006,0.551,0
0.987,0.544,0
0.969,0.536,0
0.715,0.529,1
0.677,0.522,1
0.651,0.514,1
0.628,0.506,1
0.606,0.498,1
0.591,0.49,1
0.585,0.484,1
0.573,0.478,1
0.835,0.479,1
0.837,0.483,1
0.839,0.482,1
0.839,0.481,1
0.839,0.479,1
0.837,0.476,1
0.831,0.475,1
0.834,0.47,1
0.834,0.47,1
0.831,0.469,1
0.831,0.468,1
0.527,0.466,1
0.832,0.464,1
0.836,0.462,1
0.839,0.46,1
0.842,0.455,1
0.843,0.456,1
0.843,0.454,1
0.841,0.453,1
0.838,0.451,1
0.838,0.449,1
0.838,0.447,1
0.834,0.445,1
0.837,0.443,1
0.845,0.441,1
0.846,0.439,1
0.845,0.437,1
0.845,0.435,1
0.846,0.433,1
0.847,0.431,1
0.836,0.428,1
0.835,0.425,1
0.834,0.423,1
0.834,0.42,1
0.842,0.417,1
0.841,0.415,1
0.841,0.414,1
0.844,0.412,1
0.843,0.411,1
0.831,0.413,1
0.827,0.414,1
0.826,0.413,1
0.825,0.408,1
0.826,0.408,1
0.828,0.408,1
0.83,0.411,1
0.829,0.423,1
0.828,0.441,1
0.83,0.467,1
0.836,0.418,1
0.84,0.419,1
5.0,0.427,3
0.828,0.484,1
0.827,0.999,1
0.83,0.431,1
0.832,0.433,1
0.835,0.434,1
0.835,0.43,1
0.835,0.43,1
0.835,0.43,1
0.839,0.428,1
0.852,0.431,1
0.856,0.432,1
3.332,0.433,3
3.333,0.437,3
3.334,0.442,3
3.334,0.453,3
3.335,0.817,0
3.334,0.818,0
3.334,0.801,0
3.333,0.818,0
3.332,0.814,0
3.329,0.817,0
3.323,0.81,0
3.314,0.803,0
3.302,0.799,0
3.288,0.79,0
3.271,0.783,0
3.256,0.78,0
3.242,0.77,0
3.224,0.762,0
3.203,0.754,0
3.188,0.591,0
3.168,0.741,0
3.149,0.632,0
3.129,0.654,0
3.11,0.715,0
0.881,0.707,1
3.071,0.699,0
3.051,0.691,0
3.031,0.683,0
3.012,0.675,0
2.994,0.668,0
2.973,0.661,0
2.957,0.654,0
2.94,0.648,0
0.811,0.641,1
0.795,0.638,1
0.778,0.648,1
0.781,0.636,1
2.859,0.629,0
0.749,0.62,1
2.835,0.612,0
2.829,0.608,0
2.828,0.607,0
2.828,0.604,0
2.827,0.607,0
2.826,0.608,0
2.825,0.607,0
2.823,0.607,0
2.821,0.606,0
2.819,0.606,0
2.817,0.606,0
2.815,0.605,0
2.813,0.605,0
2.809,0.6,0
2.801,0.599,0
2.791,0.6,0
2.78,0.597,0
2.767,0.592,0
2.752,0.589,0
2.736,0.587,0
2.719,0.58,0
2.702,0.575,0
2.684,0.565,0
2.665,0.562,0
2.647,0.558,0
2.628,0.558,0
2.609,0.575,0
2.589,0.538,0
2.569,0.529,0
2.55,0.523,0
2.53,0.512,0
2.51,0.512,0
2.491,0.503,0
2.471,0.496,0
2.451,0.486,3
2.431,0.479,3
2.411,0.47,3
2.391,0.464,3
2.372,0.458,3
2.354,0.452,3
2.337,0.448,3
2.32,0.444,3
2.304,0.441,3
2.288,0.439,3
2.274,0.44,3
2.258,0.439,3
2.248,0.445,3
2.233,0.45,3
2.222,0.449,3
2.214,0.459,3
2.205,0.466,3
2.195,0.445,3
2.184,0.441,3
2.179,0.437,3
2.181,0.436,3
2.181,0.436,3
2.179,0.436,3
2.179,0.436,3
2.181,0.436,3
2.177,0.436,3
2.174,0.436,3
2.169,0.436,3
2.163,0.436,3
2.155,0.507,0
2.147,0.444,3
2.138,0.442,3
2.129,0.487,3
2.119,0.486,3
2.107,0.495,0
2.096,3.091,2
2.085,3.097,2
2.074,0.457,3
2.062,0.458,3
2.049,0.462,3
2.035,0.473,3
2.021,0.492,3
2.008,0.481,3
1.995,1.464,2
1.981,1.455,2
1.968,1.452,2
1.956,1.447,2
1.943,1.446,2
1.931,1.444,2
1.918,1.442,2
1.905,1.441,2
1.891,1.437,2
1.877,1.435,2
1.862,1.434,2
1.848,1.433,2
1.833,1.431,2
1.818,1.43,2
1.804,1.431,2
1.79,1.43,2
1.776,1.431,2
1.762,1.44,2
1.686,1.432,2
1.677,1.424,2
1.658,1.422,2
1.646,1.421,2
1.637,0.664,0
1.524,0.665,0
1.425,0.675,0
1.418,0.686,0
1.416,0.693,0
1.403,0.696,0
1.393,0.795,0
1.413,0.805,0
1.414,0.819,0
1.41,0.83,0
1.359,0.915,2
1.345,0.982,2
1.332,2.168,2
1.318,0.88,0
1.304,2.192,2
1.29,2.204,2
1.277,2.217,2
1.263,2.229,2
1.249,1.292,2
1.236,1.297,2
1.223,1.305,2
1.21,1.312,2
1.201,1.319,2
1.19,2.29,2
1.181,2.298,2
1.17,2.304,2
1.157,1.762,2
1.144,1.772,2
1.132,2.326,2
1.12,2.333,2
1.108,2.34,2
1.096,2.347,2
1.083,0.844,0
1.071,0.848,0
1.059,0.814,0
1.046,0.82,0
1.032,0.82,0
1.017,0.859,0
0.999,0.825,0
0.982,0.828,0
0.965,0.831,0
0.947,0.829,0
0.929,0.828,0
0.91,0.83,0
0.891,0.833,1
0.872,0.835,1
0.853,0.835,1
0.834,0.837,1
0.814,0.84,1
0.796,0.843,1
0.78,0.845,1
0.775,0.844,1
0.778,0.843,1
0.78,0.842,1
0.782,0.841,1
0.783,0.841,1
0.782,0.844,1
0.782,0.844,1
0.782,0.842,1
0.783,0.845,1
0.786,0.841,1
0.783,0.84,1
0.784,0.838,1
0.787,0.834,1
0.786,0.833,1
0.786,0.831,1
0.782,0.829,1
0.781,0.828,1
0.78,0.826,1
0.78,0.825,1
0.779,0.823,1
0.779,0.822,1
0.781,0.83,1
0.781,0.905,1
0.78,0.834,1
0.778,0.825,1
0.772,0.831,1
0.77,0.821,1
0.769,0.82,1
0.768,0.854,1
0.767,0.89,1
0.766,0.884,1
0.766,0.826,1
0.769,0.822,1
0.768,0.798,1
0.78,0.794,1
0.796,0.791,1
0.767,0.787,1
0.766,0.784,1
0.766,0.78,1
0.768,0.773,1
0.771,0.77,1
0.784,0.767,1
0.843,0.763,1
0.885,0.755,1
0.887,0.752,1
0.885,0.749,1
1.333,0.748,0
1.338,0.742,0
1.339,0.735,0
1.335,0.733,0
1.333,0.732,0
1.331,0.732,0
1.329,0.732,0
1.323,0.732,0
1.315,0.731,0
1.304,0.731,0
1.295,0.724,0
1.28,0.719,0
1.264,0.715,0
1.247,0.71,0
1.23,0.709,0
1.211,0.7,0
1.048,0.694,0
1.025,0.689,0
1.005,0.684,0
0.988,0.678,0
0.971,0.673,0
0.955,0.667,0
0.938,0.662,0
0.922,0.656,0
0.905,0.65,0
0.886,0.638,1
0.954,0.627,0
0.935,0.618,0
0.915,0.612,0
0.897,0.606,1
0.88,0.601,1
0.864,0.597,1
0.849,0.593,1
0.835,0.589,1
0.824,0.585,1
0.822,0.583,1
0.825,0.578,1
0.826,0.578,1
0.826,0.582,1
0.826,0.578,1
0.826,0.578,1
0.826,0.577,1
0.826,0.576,1
0.827,0.572,1
0.827,0.572,1
0.827,0.572,1
0.827,0.571,1
0.827,0.57,1
0.828,0.569,1
0.828,0.568,1
0.828,0.566,1
0.828,0.564,1
0.828,0.564,1
0.826,0.562,1
0.826,0.561,1
0.825,0.566,1
0.825,0.565,1
0.825,0.565,1
0.825,0.565,1
0.825,0.56,1
0.826,0.559,1
0.825,0.554,1
0.826,0.553,1
0.826,0.552,1
0.826,0.55,1
0.827,0.549,1
0.827,0.547,1
0.828,0.546,1
0.827,0.545,1
0.826,0.547,1
0.825,0.55,1
0.823,0.547,1
0.822,0.545,1
0.821,0.538,1
0.82,0.532,1
0.82,0.53,1
0.82,0.529,1
0.82,0.528,1
0.823,0.527,1
0.821,0.527,1
0.824,0.526,1
0.824,0.526,1
0.823,0.525,1
0.822,0.524,1
0.818,0.527,1
0.817,0.527,1
0.816,0.542,1
0.816,0.707,1
0.814,0.524,1
0.813,0.52,1
0.813,0.523,1
0.812,0.527,1
0.812,0.572,1
0.811,0.867,1
0.813,0.842,1
0.879,0.838,1
0.816,0.548,1
0.812,0.667,1
0.811,0.665,1
0.814,0.666,1
0.817,0.546,1
1.554,0.538,0
0.837,0.805,1
0.903,0.549,0
1.58,0.799,0
1.719,0.795,0
1.721,0.793,0
1.717,0.793,0
1.717,0.796,0
1.716,0.793,0
1.715,0.796,0
1.569,0.791,0
1.566,0.792,0
1.696,0.788,0
1.685,0.78,0
1.669,0.775,0
0.902,0.616,0
1.637,0.632,0
1.62,0.753,0
1.596,0.745,0
1.569,0.737,0
1.553,0.729,0
1.552,0.721,0
1.533,0.712,0
0.835,0.704,1
0.806,0.697,1
0.791,0.688,1
0.78,0.68,1
0.858,0.672,1
1.416,0.664,0
1.407,0.657,0
1.403,0.652,0
1.401,0.65,0
0.854,0.651,1
0.857,0.651,1
1.404,0.652,0
0.854,0.65,1
0.851,0.65,1
0.855,0.649,1
0.851,0.649,1
0.847,0.649,1
0.847,0.651,1
0.853,0.651,1
1.395,0.649,0
1.394,0.656,0
1.394,0.645,0
1.392,0.643,0
1.391,0.643,0
1.389,0.643,0
1.387,0.642,0
1.382,0.641,0
0.858,0.635,1
1.364,0.631,0
1.348,0.627,0
1.334,0.622,0
1.316,0.617,0
0.907,0.612,0
1.291,0.607,0
1.275,0.603,0
1.262,0.599,0
1.242,0.594,0
1.226,0.59,0
1.209,0.585,0
1.191,0.58,0
1.171,0.576,0
1.153,0.572,0
1.136,0.567,0
1.118,0.562,0
1.1,0.557,0
1.084,0.552,0
1.066,0.547,0
1.047,0.542,0
0.842,0.537,1
0.815,0.531,1
0.992,0.526,0
0.977,0.521,0
0.958,0.516,0
0.746,0.512,1
0.729,0.508,1
0.91,0.504,0
0.895,0.5,1
0.888,0.497,1
0.868,0.493,1
0.858,0.489,1
0.852,0.487,1
0.853,0.487,1
0.854,0.487,1
0.854,0.487,1
0.854,0.486,1
0.853,0.486,1
0.853,0.485,1
0.852,0.484,1
0.852,0.483,1
0.851,0.482,1
0.847,0.481,1
0.846,0.48,1
0.846,0.479,1
0.849,0.476,1
0.848,0.474,1
0.848,0.473,1
0.848,0.473,1
0.851,0.472,1
0.851,0.471,1
0.851,0.471,1
1.482,0.469,3
1.482,0.468,3
1.132,0.466,3
1.54,0.465,3
1.132,0.464,3
1.117,0.463,3
1.12,0.464,3
1.132,0.464,3
1.125,0.464,3
1.12,0.465,3
1.114,0.465,3
1.109,0.466,3
1.103,0.466,3
1.104,0.468,3
1.504,0.469,3
1.496,0.47,3
1.485,0.472,3
1.476,0.473,3
1.468,0.475,3
1.46,0.476,3
1.451,0.478,3
1.443,0.479,3
1.435,0.481,3
1.427,0.483,3
1.419,0.485,3
1.412,0.487,3
1.404,0.489,3
1.399,0.492,3
1.391,0.495,0
1.321,0.497,0
1.306,0.499,0
1.298,0.502,0
1.289,0.505,0
1.279,0.509,0
1.271,0.513,0
1.329,0.517,0
1.318,0.522,0
1.307,0.526,0
1.294,0.531,0
1.282,0.538,0
1.268,0.545,0
1.25,0.552,0
1.232,0.56,0
1.214,0.567,0
1.198,0.574,0
1.178,0.581,0
1.127,0.587,0
1.105,0.594,0
1.082,0.6,0
1.062,0.607,0
1.043,0.615,0
1.024,0.623,0
1.004,0.631,0
0.985,0.639,0
0.966,0.647,0
0.947,0.655,0
0.929,0.662,0
0.914,0.669,0
0.897,0.676,1
0.885,0.684,1
1.124,0.681,0
1.116,0.683,0
1.497,0.686,0
1.479,0.689,0
1.462,0.694,0
1.446,0.7,0
1.431,0.705,0
1.058,0.711,0
1.047,0.716,0
1.039,0.721,0
1.031,0.727,0
1.023,0.733,0
0.684,0.74,1
0.663,0.75,1
0.648,0.757,1
0.632,0.765,1
0.617,0.772,1
0.604,0.776,1
0.592,0.779,1
0.591,0.775,1
1.04,0.774,0
1.041,0.772,0
1.042,0.772,0
1.041,0.772,0
1.039,0.773,0
1.037,0.774,0
1.036,0.774,0
1.034,0.775,0
1.033,0.776,0
1.032,0.776,0
1.03,0.777,0
1.029,0.777,0
1.027,0.778,0
1.026,0.778,0
1.025,0.778,0
1.02,0.779,0
1.02,0.78,0
1.015,0.779,0
1.007,0.778,0
0.997,0.78,0
0.983,0.779,0
0.974,0.782,0
0.96,0.808,0
0.945,0.782,0
0.93,0.785,0
0.914,0.782,0
0.895,0.782,1
0.875,0.779,1
0.859,0.78,1
0.842,0.782,1
0.823,0.784,1
0.808,0.786,1
0.795,0.787,1
0.789,0.787,1
0.79,0.789,1
0.791,0.791,1
0.792,0.794,1
0.792,0.892,1
0.792,0.888,1
0.792,0.891,1
0.792,0.887,1
0.792,0.887,1
0.792,0.887,1
0.792,0.886,1
0.791,0.885,1
0.79,0.791,1
0.79,0.789,1
0.789,0.784,1
0.788,0.779,1
0.787,0.773,1
0.786,0.771,1
0.785,0.77,1
0.787,0.768,1
0.79,0.398,1
0.8,0.389,1
0.785,0.387,1
0.785,0.384,1
0.784,0.383,1
0.787,0.777,1
0.786,0.765,1
0.793,0.863,1
0.81,0.78,1
0.82,0.371,1
1.799,0.368,3
0.949,0.366,3
0.944,0.364,3
0.94,0.761,0
0.939,0.76,0
0.942,0.767,0
0.939,0.76,0
0.942,0.76,0
0.937,0.76,0
0.933,0.77,0
0.926,0.865,0
0.914,0.75,0
0.911,0.746,0
1.742,0.742,0
1.726,0.384,3
1.708,0.386,3
1.693,0.389,3
2.678,0.396,3
2.089,0.438,3
2.642,0.444,3
2.625,0.698,0
2.609,0.693,0
2.593,0.688,0
2.579,0.683,0
2.564,0.678,0
2.551,0.471,3
2.537,0.48,3
2.524,0.662,0
2.51,0.658,0
0.723,0.577,1
2.481,0.649,0
2.467,0.559,0
2.451,0.64,0
1.984,0.626,0
1.413,0.631,0
1.967,0.607,0
1.965,0.623,0
0.69,0.619,1
2.356,0.615,0
1.329,0.61,0
1.309,0.606,0
1.292,0.601,0
1.275,0.597,0
1.266,0.592,0
1.247,0.588,0
1.228,0.583,0
1.231,0.582,0
2.2,0.575,0
2.182,0.568,0
2.163,0.565,0
1.156,0.562,0
2.125,0.559,0
2.105,0.555,0
2.086,0.551,0
2.067,0.547,0
2.047,0.544,0
2.027,0.54,0
2.007,0.536,0
1.988,0.533,0
1.968,0.529,0
1.949,0.526,0
1.93,0.522,0
1.91,0.519,0
1.891,0.516,0
0.914,0.512,0
0.884,0.509,1
0.867,0.506,1
0.848,0.503,1
0.831,0.499,1
0.816,0.496,1
0.802,0.493,1
0.789,0.49,1
0.783,0.488,1
0.784,0.487,1
0.802,0.487,1
0.802,0.486,1
1.528,0.486,3
1.525,0.485,3
1.525,0.485,3
1.528,0.485,3
1.525,0.485,3
1.524,0.485,3
1.527,0.485,3
1.526,0.485,3
1.523,0.485,3
1.522,0.485,3
1.525,0.485,3
1.522,0.485,3
1.522,0.484,3
1.521,0.485,3
1.521,0.484,3
1.524,0.484,3
1.527,0.484,3
1.523,0.484,3
1.523,0.484,3
1.525,0.484,3
1.522,0.484,3
1.525,0.484,3
1.527,0.483,3
1.527,0.483,3
1.523,0.483,3
1.735,0.483,3
1.735,0.483,3
1.525,0.483,3
1.734,0.483,3
1.733,0.483,3
1.525,0.483,3
1.733,0.483,3
1.732,0.483,3
1.732,0.483,3
1.731,0.483,3
1.731,0.483,3
1.731,0.482,3
1.731,0.482,3
1.731,0.482,3
1.731,0.482,3
1.729,0.483,3
1.726,0.482,3
1.722,0.482,3
1.716,0.481,3
1.707,0.48,3
0.583,0.479,1
0.584,0.478,1
1.678,0.477,3
1.668,0.477,3
1.658,0.476,3
1.65,0.475,3
1.644,0.475,3
1.637,0.475,3
1.431,0.475,3
1.425,0.475,3
1.617,0.475,3
1.417,0.476,3
1.403,0.476,3
1.392,0.478,3
1.384,0.478,3
1.376,0.479,3
1.371,0.481,3
1.363,0.483,3
1.355,0.484,3
1.532,0.486,3
1.522,0.488,3
1.511,0.49,3
1.501,0.492,3
1.491,0.494,3
1.481,0.495,0
1.471,0.498,0
1.461,0.5,0
1.45,0.502,0
1.44,0.505,0
1.427,0.509,0
1.414,0.513,0
1.398,0.517,0
1.383,0.522,0
1.367,0.527,0
1.35,0.532,0
1.332,0.538,0
1.314,0.544,0
1.297,0.55,0
1.279,0.556,0
1.262,0.562,0
1.244,0.568,0
1.226,0.574,0
1.207,0.581,0
1.189,0.588,0
1.17,0.594,0
1.151,0.601,0
1.132,0.608,0
1.112,0.615,0
1.093,0.621,0
1.073,0.628,0
1.056,0.635,0
1.037,0.642,0
1.014,0.646,0
0.994,0.654,0
0.974,0.666,0
0.956,0.67,0
0.937,0.678,0
0.919,0.685,0
0.9,0.692,1
0.882,0.699,1
0.864,0.706,1
0.846,0.714,1
0.828,0.72,1
0.811,0.727,1
0.798,0.731,1
0.793,0.731,1
0.794,0.729,1
0.796,0.727,1
0.797,0.727,1
0.797,0.727,1
0.796,0.727,1
0.796,0.727,1
0.795,0.727,1
0.795,0.726,1
0.798,0.726,1
0.797,0.725,1
0.796,0.725,1
0.792,0.727,1
0.791,0.739,1
0.789,0.728,1
0.788,0.727,1
0.787,0.723,1
0.786,0.722,1
0.785,0.721,1
0.784,0.721,1
0.783,0.724,1
0.783,0.727,1
0.783,0.733,1
0.785,1.152,1
0.896,0.73,1
0.835,0.733,1
0.784,0.736,1
0.783,0.754,1
0.786,0.827,1
0.785,0.757,1
0.792,0.785,1
0.809,0.779,1
0.819,0.772,1
1.564,0.75,0
1.565,0.758,0
1.566,0.761,0
1.566,0.758,0
1.564,0.776,0
1.557,0.758,0
1.557,0.758,0
1.556,0.757,0
1.555,0.757,0
1.552,0.755,0
1.545,0.753,0
1.535,0.746,0
1.524,0.742,0
1.511,0.74,0
1.496,0.735,0
1.48,0.729,0
1.463,0.724,0
1.447,0.717,0
1.429,0.71,0
1.411,0.704,0
1.392,0.7,0
1.377,0.699,0
1.355,0.689,0
1.336,0.684,0
1.318,0.677,0
1.298,0.671,0
1.278,0.665,0
1.261,0.656,0
1.241,0.65,0
1.22,0.643,0
1.196,0.633,0
1.178,0.626,0
1.154,0.619,0
1.135,0.612,0
1.115,0.605,0
1.096,0.599,0
1.078,0.593,0
1.06,0.586,0
1.042,0.58,0
1.024,0.573,0
0.775,0.567,1
0.763,0.561,1
0.71,0.555,1
0.698,0.548,1
0.68,0.545,1
0.667,0.539,1
0.901,0.533,0
0.897,0.526,1
0.9,0.522,1
0.905,0.522,0
0.905,0.522,0
0.904,0.521,0
0.578,0.521,1
0.901,0.521,0
0.901,0.52,0
0.576,0.519,1
0.574,0.516,1
0.573,0.513,1
0.571,0.51,1
0.862,0.507,1
0.853,0.503,1
0.842,0.501,1
0.835,0.499,1
0.833,0.497,1
0.834,0.497,1
0.835,0.496,1
0.835,0.495,1
0.836,0.495,1
0.837,0.494,1
0.838,0.493,1
0.84,0.492,1
0.841,0.49,1
0.843,0.489,1
0.84,0.488,1
0.84,0.486,1
0.587,0.484,1
0.845,0.481,1
0.846,0.479,1
0.845,0.477,1
0.845,0.474,1
0.845,0.473,1
0.844,0.471,1
0.844,0.469,1
0.84,0.468,1
0.836,0.464,1
0.838,0.461,1
0.84,0.459,1
0.839,0.456,1
0.839,0.454,1
0.839,0.451,1
0.839,0.449,1
0.842,0.448,1
0.833,0.446,1
0.84,0.451,1
0.827,0.446,1
0.833,0.445,1
0.832,0.443,1
0.831,0.443,1
0.83,0.442,1
0.829,0.445,1
0.828,0.458,1
0.828,0.483,1
0.83,0.523,1
0.867,0.452,1
0.844,0.453,1
0.832,0.474,1
0.829,0.521,1
0.828,0.85,1
0.831,0.473,1
0.834,0.465,1
0.85,0.463,1
3.3,0.468,3
3.301,0.47,3
3.302,0.479,3
3.3,0.812,0
3.3,0.808,0
3.299,0.808,0
3.298,0.811,0
3.294,0.806,0
3.287,0.803,0
3.281,0.8,0
3.272,0.795,0
3.256,0.79,0
3.238,0.784,0
0.979,0.776,0
3.21,0.572,0
3.196,0.586,0
3.174,0.754,0
3.153,0.749,0
3.137,0.738,0
3.118,0.73,0
3.099,0.722,0
3.077,0.714,0
3.061,0.707,0
3.041,0.702,0
3.022,0.692,0
3.002,0.688,0
2.983,0.68,0
0.859,0.674,1
0.84,0.667,1
0.822,0.663,1
2.909,0.667,0
2.892,0.652,0
2.876,0.643,0
2.861,0.638,0
2.846,0.634,0
2.833,0.627,0
2.82,0.623,0
2.808,0.62,0
2.796,0.618,0
2.783,0.615,0
2.769,0.614,0
2.754,0.609,0
2.738,0.599,0
2.722,0.597,0
2.704,0.588,0
2.686,0.583,0
2.668,0.578,0
2.65,0.573,0
2.631,0.568,0
2.612,0.563,0
2.593,0.558,0
2.573,0.553,0
2.553,0.548,0
2.533,0.543,0
2.513,0.539,0
2.493,0.534,0
2.473,0.53,0
2.453,0.525,0
2.433,0.52,0
2.411,0.516,0
2.394,0.512,0
2.371,0.508,0
2.351,0.504,0
2.332,0.501,0
2.312,0.499,0
2.292,0.5,0
2.272,0.516,0
2.253,0.51,0
2.233,0.503,0
2.212,0.502,0
2.192,0.502,0
2.172,0.504,0
2.152,0.506,0
2.132,0.602,0
2.112,0.513,0
2.093,0.591,0
2.074,0.57,0
1.972,0.566,0
1.952,0.573,0
1.874,1.496,2
1.855,1.492,2
1.836,1.488,2
1.817,1.485,2
1.797,1.481,2
1.779,1.481,2
1.76,1.474,2
1.742,1.473,2
1.724,1.466,2
1.706,1.466,2
1.688,1.462,2
1.671,1.459,2
1.659,1.456,2
1.641,1.457,2
1.626,1.477,2
1.612,1.485,2
1.598,1.449,2
1.584,1.446,2
1.57,1.444,2
1.557,1.442,2
1.545,1.439,2
1.47,1.444,2
1.44,2.738,2
1.431,0.821,0
1.424,0.828,0
1.433,0.833,0
1.436,0.84,0
1.411,0.853,0
1.395,0.988,2
1.389,2.278,2
1.382,2.283,2
1.37,1.432,2
1.357,1.746,2
1.346,1.748,2
1.335,1.754,2
1.327,1.762,2
1.318,1.774,2
1.306,2.35,2
1.292,2.359,2
1.279,1.001,2
1.267,2.373,2
1.251,2.38,2
1.238,2.387,2
1.229,2.394,2
1.216,2.401,2
1.204,2.408,2
1.191,2.415,2
1.177,2.424,2
1.163,2.429,2
1.149,1.6,2
1.132,1.601,2
1.119,0.943,2
1.105,0.94,2
1.091,0.938,2
1.08,0.938,2
1.067,0.938,2
1.053,0.939,2
1.038,0.933,2
1.019,0.933,2
1.005,0.933,2
0.991,0.933,2
0.975,0.933,2
0.961,0.935,2
0.946,0.935,2
0.935,0.937,2
0.922,0.939,2
0.908,2.468,2
0.894,2.47,1
0.876,2.483,1
0.862,3.642,1
0.848,3.646,1
0.835,3.652,1
0.823,3.658,1
0.815,0.885,1
0.815,3.663,1
0.818,3.661,1
0.82,4.409,1
0.822,4.409,1
0.822,4.409,1
0.821,4.408,1
0.821,3.672,1
0.822,0.914,1
0.826,0.906,1
0.827,0.908,1
0.827,0.862,1
0.828,0.856,1
0.827,0.854,1
0.824,0.849,1
0.823,0.847,1
0.822,0.845,1
0.822,0.843,1
0.822,0.842,1
0.823,0.84,1
0.823,0.844,1
0.824,0.838,1
0.826,0.831,1
0.822,0.83,1
0.821,0.827,1
0.821,0.825,1
0.82,0.823,1
0.82,0.822,1
0.82,0.824,1
0.823,0.865,1
0.822,0.82,1
0.821,0.815,1
0.816,0.81,1
0.815,0.808,1
0.814,0.806,1
0.813,0.804,1
0.813,0.809,1
0.816,0.919,1
0.816,0.916,1
0.817,0.813,1
0.81,0.805,1
0.809,0.801,1
0.807,0.8,1
0.806,0.823,1
0.806,0.863,1
0.805,0.859,1
0.808,0.887,1
0.808,0.896,1
0.807,0.868,1
0.826,0.841,1
0.825,0.834,1
0.841,0.826,1
0.805,0.823,1
0.808,0.829,1
0.808,0.825,1
0.814,0.805,1
0.871,0.798,1
0.889,0.794,1
0.932,0.792,0
0.934,0.792,0
0.926,0.789,0
1.213,0.783,0
1.352,0.782,0
1.349,0.782,0
1.343,0.781,0
1.335,0.781,0
0.91,0.776,0
0.897,0.768,1
1.297,0.766,0
1.282,0.759,0
1.265,0.753,0
1.249,0.745,0
1.233,0.738,0
1.217,0.732,0
1.201,0.725,0
1.184,0.718,0
1.168,0.712,0
1.151,0.706,0
1.133,0.699,0
1.116,0.692,0
1.098,0.686,0
1.08,0.678,0
1.062,0.672,0
1.043,0.665,0
1.024,0.657,0
0.894,0.649,1
0.873,0.642,1
0.967,0.635,0
0.854,0.628,1
